tiempo,ps0_raw,ps0_simple,ps0_kal,ps7_raw,ps7_simple,ps7_kal,ps2_raw,ps2_simple,ps2_kal,ps5_raw,ps5_simple,ps5_kal,enc_left,enc_right
0.0,63.662,63.662,-0.9201,68.3184,68.3184,-0.4968,69.729,69.729,6.339,63.7647,63.7647,5.7968,423.02708,296.80536
0.05,61.334,62.498,5.9524,69.9839,69.1511,7.2849,66.7685,68.2488,13.0172,71.4856,67.6251,13.0562,423.429,297.20728
0.1,67.7921,64.2627,13.7219,70.2728,69.525,15.1988,68.7147,68.4041,20.0215,71.7291,68.9931,20.4347,423.83092,297.6092
0.15,65.1232,64.4778,20.77,67.0684,68.9109,22.3111,70.2363,68.8621,26.9137,69.9683,69.2369,27.2333,424.22656,298.00484
0.2,69.651,65.5125,27.8862,66.8172,68.4921,28.7898,66.5972,68.4091,32.6966,62.7215,67.9338,32.4049,424.62848,298.40676
0.25,67.9152,66.3631,33.9584,65.0479,67.8381,34.2893,69.7463,68.4126,38.3233,65.8023,68.3413,37.4769,425.0304,298.80868
0.3,62.8229,66.6609,38.4618,67.429,67.3271,39.4608,67.0418,68.4672,42.8109,64.9716,67.0386,41.7733,425.43232,299.2106
0.35,64.4786,65.9982,42.6014,70.805,67.4335,44.4494,63.3868,67.4017,46.0902,68.0802,66.3088,45.966,425.83424,299.61252
0.4,72.7602,67.5256,47.4675,66.4806,67.3159,48.0023,68.8529,67.125,49.7681,63.7312,65.0614,48.8364,426.22988,300.00816
0.45,66.5327,66.9019,50.5704,64.9405,66.9406,50.7583,64.2065,66.6469,52.1232,74.8278,67.4826,53.076,426.6318,300.41008
0.5,66.8377,66.6864,53.2345,68.6301,67.657,53.6858,60.778,64.8532,53.5442,57.3991,65.802,53.7858,427.03372,300.812
0.55,58.8951,65.9009,54.1613,59.8868,66.1486,54.7017,69.27,65.2988,56.1381,71.0982,67.0273,56.6414,427.43564,301.21392
0.6,67.0558,66.4163,56.2881,65.8905,65.1657,56.5463,72.7584,67.1732,58.8883,71.8943,67.7901,59.1653,427.83756,301.60956
0.65,61.5533,64.1749,57.1544,64.9923,64.868,57.9401,67.6414,66.9309,60.3399,67.553,68.5545,60.5563,428.2332,302.01148
0.7,71.1621,65.1008,59.4741,66.326,65.1451,59.3261,66.8273,67.455,61.4174,67.1267,67.0143,61.6475,428.63512,302.4134
0.75,65.5737,64.848,60.4814,72.535,65.9261,61.5154,54.6679,66.233,60.2952,64.8508,68.5046,62.1801,429.03704,302.81532
0.8,70.1426,67.0975,62.082,69.8331,67.9154,62.8925,69.0671,66.1924,61.7547,61.3535,66.5557,62.0426,429.43896,303.21724
0.85,65.3338,66.7531,62.6165,68.7882,68.4949,63.8671,64.6416,64.5691,62.2353,71.6015,66.4971,63.6339,429.84088,303.61288
0.9,63.2844,67.0993,62.7209,68.4569,69.1878,64.6247,63.4227,63.7253,62.433,74.1203,67.8106,65.3802,430.23652,304.0148
0.95,66.6146,66.1898,63.3627,63.7462,68.6719,64.4715,70.7822,64.5163,63.8238,68.1464,68.0145,65.841,430.63844,304.41672
1.0,68.0979,66.6947,64.1447,65.8763,67.3401,64.6987,69.4194,67.4666,64.756,69.6796,68.9803,66.4805,431.04036,304.81864
1.05,73.4872,67.3636,65.6945,66.5642,66.6864,65.0026,65.6222,66.7776,64.9003,66.4517,69.9999,66.4757,431.44228,305.22056
1.1,68.155,67.9278,66.0977,64.8163,65.892,64.9648,66.6097,67.1712,65.1852,60.3388,67.7473,65.4531,431.83792,305.6162
1.15,67.7348,68.8179,66.3637,73.4542,66.8914,66.3727,66.9959,67.8859,65.4869,67.113,66.3459,65.7297,432.23984,306.01812
1.2,66.6188,68.8187,66.3993,61.4596,66.4341,65.547,68.6792,67.4653,66.0189,62.1823,65.153,65.1385,432.64176,306.42004
1.25,67.8789,68.7749,66.639,68.4892,66.9567,66.0305,72.3581,68.053,67.0754,67.5776,64.7327,65.545,433.04368,306.82196
1.3,69.8089,68.0393,67.1605,71.2368,67.8912,66.8914,65.166,67.9618,66.7572,66.0236,64.647,65.6247,433.4456,307.2176
1.35,65.3709,67.4825,66.8554,69.7633,68.8806,67.3632,70.9667,68.8332,67.4587,70.7336,66.726,66.4762,433.84124,307.61952
1.4,67.5104,67.4376,66.9577,62.0695,66.6037,66.474,67.673,68.9686,67.4944,69.2953,67.1625,66.946,434.24316,308.02144
1.45,66.3071,67.3752,66.8424,65.3616,67.3841,66.2818,68.2844,68.8896,67.6261,71.3197,68.99,67.675,434.64508,308.42336
1.5,72.0557,68.2106,67.7044,63.0634,66.2989,65.7385,73.6567,69.1493,68.6312,67.1245,68.8993,67.5832,435.047,308.82528
1.55,63.2348,66.8958,66.9527,63.5839,64.7683,65.3726,62.7279,68.6617,67.6473,67.6286,69.2204,67.5908,435.44892,309.22092
1.6,61.2097,66.0635,65.9887,67.3759,64.2908,65.6997,66.108,67.69,67.3908,69.334,68.9404,67.8813,435.84456,309.62284
1.65,65.9873,65.7589,65.9816,67.3472,65.3464,65.9674,69.8116,68.1177,67.7942,70.8377,69.2489,68.3741,436.24648,310.02476
1.7,62.0998,64.9175,65.3278,62.7771,64.8295,65.4288,67.029,67.8666,67.6667,63.9786,67.7807,67.6415,436.6484,310.42668
1.75,67.2134,63.949,65.6352,67.0061,65.618,65.6848,69.3081,66.9969,67.9403,67.904,67.9366,67.6852,437.05032,310.8286
1.8,67.6856,64.8392,65.9702,68.9327,66.6878,66.2194,68.8457,68.2205,68.0912,67.9355,67.998,67.727,437.44596,311.22424
1.85,60.3042,64.6581,65.019,64.6562,66.1438,65.952,66.0301,68.2049,67.7477,66.1087,67.3529,67.4572,437.84788,311.62616
1.9,63.6753,64.1957,64.7882,69.2443,66.5233,66.4938,66.6526,67.5731,67.5651,65.7706,66.3395,67.1761,438.2498,312.02808
1.95,65.7563,64.927,64.9426,70.4176,68.0514,67.1409,69.9595,68.1592,67.9642,66.8598,66.9157,67.1234,438.65172,312.43
2.0,67.9864,65.0816,65.4431,62.2242,67.095,66.3147,72.4925,68.7961,68.7189,62.8793,65.9108,66.4161,439.05364,312.82564
2.05,69.927,65.5298,66.1836,65.1572,66.3399,66.1149,57.9934,66.6256,66.9313,64.4034,65.2044,66.0806,439.44928,313.22756
2.1,67.5217,66.9733,66.3998,67.1667,66.842,66.2834,63.6217,66.1439,66.3797,68.0021,65.5831,66.4009,439.8512,313.62948
2.15,66.7193,67.5821,66.4462,68.8062,66.7544,66.697,66.4807,66.1096,66.3966,65.8995,65.6088,66.3173,440.25312,314.0314
2.2,63.5949,67.1499,65.9641,67.7615,66.2232,66.8675,70.7643,66.2705,67.1245,62.4848,64.7338,65.6786,440.65504,314.43332
2.25,65.9061,66.7338,65.9476,71.3717,68.0526,67.6114,70.073,65.7866,67.6159,66.857,65.5294,65.875,441.05696,314.82896
2.3,70.3029,66.809,66.6667,68.8352,68.7882,67.8086,68.1097,67.8099,67.6982,72.2453,67.0977,66.9367,441.4526,315.23088
2.35,67.5919,66.823,66.814,59.7799,67.3109,66.4636,63.7883,67.8432,67.0466,63.1896,66.1352,66.3122,441.85452,315.6328
2.4,61.1399,65.7072,65.8615,73.18,68.1856,67.5761,71.6269,68.8725,67.81,66.4682,66.249,66.3382,442.25644,316.03472
2.45,66.3288,66.2539,65.9325,67.0069,68.0347,67.4744,64.542,67.628,67.2653,71.6406,68.0801,67.2219,442.65836,316.43664
2.5,61.6046,65.3936,65.2044,64.9306,66.7465,67.0437,66.8304,66.9795,67.1928,70.1154,68.7318,67.7042,443.054,316.83228
2.55,64.9347,64.32,65.1526,71.0005,67.1796,67.6963,69.8489,67.3273,67.6355,67.2798,67.7387,67.6334,443.45592,317.2342
2.6,71.0023,65.0021,66.1207,66.133,68.4502,67.4289,66.9753,67.9647,67.5255,69.0492,68.9106,67.8694,443.85784,317.63612
2.65,65.1815,65.8104,65.9573,64.1944,66.6531,66.8829,68.786,67.3965,67.7356,64.5181,68.5206,67.3109,444.25976,318.03804
2.7,66.0489,65.7544,65.9657,67.3794,66.7276,66.9589,69.52,68.3921,68.033,64.0847,67.0095,66.7732,444.66168,318.43368
2.75,66.5871,66.7509,66.0625,61.0293,65.9473,65.9638,64.0017,67.8264,67.3611,68.4348,66.6733,67.0501,445.05732,318.8356
2.8,68.1945,67.4028,66.4109,64.8259,64.7124,65.7673,62.7385,66.4043,66.5907,64.7058,66.1585,66.6594,445.45924,319.23752
2.85,66.5963,66.5216,66.435,77.6609,67.018,67.7427,69.33,66.8753,67.0472,72.3652,66.8217,67.6104,445.86116,319.63944
2.9,67.39,66.9633,66.5873,73.282,68.8355,68.659,69.1459,66.9472,67.397,68.0314,67.5244,67.6805,446.26308,320.04136
2.95,66.2968,67.0129,66.532,71.8295,69.7255,69.1806,75.0596,68.0552,68.6741,72.1423,69.1359,68.4242,446.665,320.437
3.0,70.0589,67.7073,67.113,69.4744,71.4145,69.2228,68.4594,68.9467,68.6383,68.1062,69.0702,68.3712,447.06064,320.83892
3.05,64.8165,67.0317,66.7234,67.6869,71.9867,68.9599,65.8494,69.5689,68.1735,67.6339,69.6558,68.2483,447.46256,321.24084
3.1,68.2657,67.3656,66.9736,78.8677,72.2281,70.6044,63.9771,68.4983,67.4741,64.9799,68.1787,67.7036,447.86448,321.64276
3.15,68.5329,67.5942,67.2266,110.9069,79.7531,77.3146,60.4438,66.7579,66.3024,65.4096,67.6544,67.3212,448.2664,322.04468
3.2,61.083,66.5514,66.1959,121.997,89.7866,84.7549,64.8157,64.7091,66.0546,68.8345,66.9928,67.5734,448.66204,322.44032
3.25,70.514,66.6424,66.9156,62.7043,88.4326,81.0798,70.5331,65.1238,66.801,71.2332,67.6182,68.1834,448.863,322.23936
3.3,67.8428,67.2477,67.0701,65.6343,88.0221,78.5055,64.9621,64.9463,66.4945,66.5352,67.3985,67.9087,449.06396,322.04468
3.35,66.2591,66.8464,66.9281,70.8964,86.4278,77.2305,65.1466,65.1802,66.2699,67.4878,67.9001,67.8386,449.46588,322.44032
3.4,66.7052,66.4808,66.8841,69.1818,78.0828,75.8822,69.5786,67.0072,66.8213,68.4571,68.5096,67.9417,449.8678,322.84224
3.45,72.0723,68.6787,67.7419,68.1065,67.3047,74.5794,63.8865,66.8214,66.3322,70.2124,68.7851,68.3201,450.26972,323.24416
3.5,63.9303,67.3619,67.0998,70.7514,68.9141,73.9346,67.5461,66.224,66.5345,154.7081,85.4801,82.7181,450.66536,323.64608
3.55,65.1153,66.8165,66.7633,72.7952,70.3463,73.7389,57.5568,64.7429,65.0382,240.7738,120.3279,109.0607,451.06728,323.9224
3.6,68.8836,67.3414,67.1108,70.4437,70.2557,73.1838,67.9682,65.3072,65.5266,351.6483,177.16,149.492,451.4692,324.205
3.65,67.7425,67.5488,67.2103,62.977,69.0148,71.4768,61.9359,63.7787,64.9281,917.0547,346.8795,277.4191,451.87112,324.4876
3.7,64.8649,66.1073,66.8136,66.5774,68.7089,70.6545,64.3789,63.8772,64.8366,927.3666,518.3103,385.7437,452.27304,324.76392
3.75,71.6288,67.647,67.6103,68.4177,68.2422,70.2759,62.8384,62.9356,64.5035,353.8207,558.1328,380.4232,452.66868,325.04652
3.8,69.4342,68.5108,67.9085,65.2518,66.7335,69.4327,64.2199,64.2683,64.4563,170.7147,544.121,345.4718,453.0706,325.32912
3.85,67.809,68.2959,67.886,67.714,66.1876,69.1404,75.5888,65.7924,66.3117,107.5195,495.2952,305.8131,453.47252,325.61172
3.9,67.1314,68.1737,67.7545,62.6811,66.1284,68.0581,69.0895,67.2231,66.7747,64.6981,324.8239,265.6272,453.87444,325.88804
3.95,69.4682,69.0943,68.0343,67.7681,66.3665,68.0039,62.9948,66.9463,66.1447,75.4825,154.4471,233.9364,454.27008,326.17064
4.0,60.6216,66.8929,66.793,69.195,66.522,68.1966,66.9468,67.768,66.2784,59.5694,95.5968,204.8753,454.672,326.45324
4.05,62.0271,65.4115,65.9928,61.1179,65.6952,67.011,76.0394,70.1319,67.9052,69.9486,75.4436,182.3875,455.07392,326.73584
4.1,64.7721,64.8041,65.7836,72.694,66.6912,67.9524,65.54,68.1221,67.511,69.6606,67.8718,163.5997,455.47584,327.01216
4.15,66.1711,64.612,65.8423,66.5117,67.4573,67.7064,64.4829,67.2008,67.0063,69.9916,68.9305,147.9983,455.87776,327.29476
4.2,70.2912,64.7766,66.578,67.3481,67.3734,67.6409,68.809,68.3636,67.3068,69.9332,67.8207,134.9875,456.2734,327.57736
4.25,67.2868,66.1097,66.6903,68.5798,67.2503,67.7916,69.7358,68.9214,67.7116,67.0576,69.3183,123.6658,456.67532,327.85368
4.3,65.1505,66.7343,66.4279,67.9442,68.6156,67.8112,66.6532,67.0442,67.5352,66.7894,68.6865,114.1864,457.07724,328.13628
4.35,62.0919,66.1983,65.6994,70.8207,68.2409,68.3069,69.9405,67.9243,67.9361,70.2702,68.8084,106.8671,457.47916,328.41888
4.4,68.3452,66.6331,66.1345,63.2629,67.5911,67.4604,68.6629,68.7603,68.0572,58.7539,66.5609,98.8482,457.8748,328.70148
4.45,65.3271,65.6403,65.9942,67.052,67.5319,67.3866,56.0895,66.2164,66.0626,70.2164,66.6175,94.0762,458.27672,328.9778
4.5,68.6335,65.9097,66.4282,67.2473,67.2654,67.3575,66.8016,65.6295,66.1858,67.7992,66.7658,89.6967,458.67864,329.2604
4.55,67.1756,66.3147,66.5469,66.7344,67.0235,67.2478,66.7078,65.6405,66.2728,71.6572,67.7394,86.6901,459.08056,329.543
4.6,65.1366,66.9236,66.306,62.2333,65.306,66.4062,68.0896,65.2703,66.5756,67.1892,67.1232,83.44,459.48248,329.8256
4.65,69.1894,67.0924,66.7809,64.694,65.5922,66.1151,66.5906,64.8558,66.5781,63.7031,68.113,80.1505,459.87812,330.10192
4.7,62.4899,66.525,66.0599,69.8158,66.145,66.7261,67.8204,67.202,66.7851,69.4117,67.9521,78.3607,460.28004,330.38452
4.75,67.1839,66.2351,66.2403,66.9468,66.0849,66.756,63.9,66.6217,66.3043,70.8167,68.5556,77.1034,460.68196,330.78644
4.8,65.9945,65.9989,66.1925,70.9599,66.9299,67.4498,60.0238,65.2849,65.2575,64.6891,67.162,75.0343,461.08388,331.18836
4.85,69.3481,66.8412,66.7116,70.2235,68.528,67.9052,158.3705,83.3411,80.7764,72.8475,68.2937,74.6699,461.4858,331.584
4.9,67.6097,66.5252,66.8555,65.3431,68.6578,67.4724,161.2754,102.278,94.1929,76.0288,70.7588,74.8964,461.76212,331.98592
4.95,64.8347,66.9942,66.5129,66.0059,67.8958,67.2222,155.0926,119.7325,104.3428,67.938,70.464,73.7366,462.04472,332.38784
5.0,71.3744,67.8323,67.3173,68.3102,68.1685,67.3976,161.4987,139.2522,113.8688,64.8422,69.2691,72.2542,462.32732,332.78976
5.05,72.375,69.1084,68.1545,83.0323,70.583,69.9977,155.7906,158.4056,120.8558,73.1957,70.9705,72.4111,462.60364,333.1854
5.1,61.1537,67.4695,66.9818,88.4555,74.2294,73.0681,154.9052,157.7125,126.5307,67.0784,69.8166,71.5224,462.88624,333.58732
5.15,68.8674,67.721,67.2903,100.134,81.1876,77.5733,71.641,139.7856,117.3824,71.1381,68.8385,71.4583,463.16884,333.98924
5.2,70.2063,68.7953,67.7704,105.2277,89.0319,82.1765,69.2218,122.6114,109.3556,1443.3704,343.925,300.1103,463.45144,334.39116
5.25,67.0222,67.9249,67.6457,67.1089,88.7917,79.6652,70.6565,104.443,102.9058,1667.9169,664.5399,528.0781,463.6524,334.1902
5.3,69.1366,67.2772,67.8884,63.5684,84.8989,76.9766,67.9389,86.8727,97.078,1727.618,995.4244,728.0014,463.92872,334.59212
5.35,65.9038,68.2273,67.5518,71.5153,81.5109,76.0606,68.1183,69.5153,92.2513,1764.9368,1334.996,900.824,464.21132,334.98776
5.4,60.9046,66.6347,66.4381,66.0786,74.6998,74.3911,62.4248,67.6721,87.2803,1389.6365,1598.6957,982.2927,464.49392,335.38968
5.45,69.5409,66.5016,66.9495,67.0361,67.0615,73.1595,63.2238,66.4725,83.2708,1468.857,1603.7931,1063.3868,464.77024,335.7916
5.5,72.4526,67.5877,67.8608,70.0819,67.6561,72.6407,63.6538,65.0719,80.0013,1581.262,1586.4621,1149.6993,465.05284,336.19352
5.55,70.5813,67.8766,68.3084,62.8849,67.5193,71.0089,67.113,64.9067,77.8533,1463.7376,1533.686,1202.039,465.33544,336.58916
5.6,68.7359,68.4431,68.3739,80.2313,69.2625,72.5402,70.7593,65.4349,76.6709,1470.7527,1474.8492,1246.8246,465.73108,336.87176
5.65,66.2639,69.5149,68.0164,65.5729,69.1614,71.3731,66.3238,66.2147,74.9464,1572.5088,1511.4236,1301.1053,466.133,337.15436
5.7,60.2911,67.6649,66.723,69.602,69.6746,71.0721,65.2426,66.6185,73.3291,1646.7955,1547.0113,1358.7204,466.53492,337.43068
5.75,66.7973,66.5339,66.7296,66.6306,68.9843,70.326,66.3178,67.1513,72.1606,1704.9457,1571.7481,1416.4246,466.93684,337.71328
5.8,75.428,67.5032,68.1734,69.0295,70.2133,70.1041,70.948,67.9183,71.9585,1741.6179,1627.3241,1470.6235,467.33876,337.99588
5.85,71.5929,68.0746,68.7376,71.9612,68.5592,70.4078,72.4187,68.2502,72.0352,1795.9166,1692.3569,1524.839,467.7344,338.27848
5.9,60.269,66.8756,67.3203,65.5286,68.5504,69.5888,64.9408,67.9736,70.8528,1700.3824,1717.9316,1554.0962,468.13632,338.5548
5.95,64.6448,67.7464,66.8686,71.3369,68.8974,69.8743,65.9877,68.1226,70.0419,1548.7169,1698.3159,1553.1997,468.53824,338.8374
6.0,61.8858,66.7641,66.0323,64.9998,68.5712,69.0561,66.8301,68.2251,69.5066,1450.5345,1647.4337,1536.0888,468.94016,339.12
6.05,68.3584,65.3502,66.4142,74.6173,69.6888,69.9772,67.7732,67.5901,69.2177,477.5008,1394.6102,1359.6575,469.3358,339.39632
6.1,70.766,65.1848,67.1337,72.9837,69.8933,70.4724,61.3508,65.3765,67.9066,78.5045,1051.1278,1146.132,469.73772,339.67892
6.15,70.876,67.3062,67.7515,72.2358,71.2347,70.7605,72.2705,66.8425,68.6339,73.2132,725.694,967.3122,470.13964,339.96152
6.2,60.781,66.5334,66.5839,64.8672,69.9408,69.7724,61.8337,66.0117,67.5005,73.2275,430.5961,818.2981,470.54156,340.24412
6.25,65.0779,67.1718,66.3271,69.71,70.8828,69.7562,62.3661,65.1189,66.6448,65.1177,153.5127,692.768,470.94348,340.52044
6.3,67.3796,66.9761,66.4967,66.4891,69.2572,69.2059,65.3961,64.6435,66.4367,67.3592,71.4844,588.5332,471.33912,340.80304
6.35,66.9488,66.2126,66.5662,60.8545,66.8313,67.8082,65.3934,65.452,66.2628,60.7691,67.9373,500.5725,471.74104,341.08564
6.4,66.7032,65.3781,66.5833,72.2538,66.8349,68.5433,69.0279,64.8034,66.7236,70.1453,67.3238,428.8347,472.14296,341.36196
6.45,68.8911,67.0001,66.9621,79.8951,69.8405,70.4294,68.2157,66.0798,66.9723,69.3673,66.5517,368.9234,472.54488,341.64456
6.5,67.8376,67.5521,67.1022,102.8022,76.4589,75.8191,71.7716,67.9609,67.7722,66.0795,66.7441,318.4494,472.94052,341.92716
6.55,69.8116,68.0385,67.5479,133.5936,89.8798,85.4423,69.1976,68.7212,68.0098,70.9323,67.4587,277.1966,473.34244,342.20976
6.6,70.5077,68.7502,68.0412,140.9692,105.9028,94.6968,68.9706,69.4367,68.1699,71.641,69.6331,242.9373,473.5434,342.0088
6.65,68.1806,69.0457,68.0644,75.6312,106.5783,91.5192,63.6019,68.3515,67.4086,66.528,68.9096,213.5358,473.74436,341.80784
6.7,66.086,68.4847,67.7347,69.4429,104.4878,87.8398,65.9622,67.9008,67.1675,69.9479,69.0257,189.6044,473.94532,341.60688
6.75,64.8291,67.883,67.2504,66.7995,97.2873,84.3331,64.2439,66.3952,66.6802,68.0739,69.4246,169.3494,474.14628,341.40592
6.8,66.7239,67.2655,67.1627,68.4968,84.2679,81.6937,70.4398,66.6437,67.3068,71.9586,69.6299,153.1176,474.34724,341.20496
6.85,65.1347,66.1909,66.8247,70.0269,70.0795,79.7493,67.9558,66.4407,67.415,85.6078,72.4232,141.8659,474.5482,341.004
6.9,63.3458,65.2239,66.239,69.6011,68.8734,78.0521,67.9942,67.3192,67.5115,66.3507,72.3878,129.2801,474.95012,341.2866
6.95,61.2957,64.2658,65.4093,74.7177,69.9284,77.4905,65.7888,67.2845,67.2244,63.5835,71.1149,118.3306,475.35204,341.56292
7.0,60.3629,63.3726,64.5625,66.0894,69.7864,75.5845,68.2778,68.0913,67.4,102.5453,78.0092,115.6998,475.74768,341.84552
7.05,68.7331,63.7744,65.2517,69.1041,69.9079,74.4986,70.6775,68.1388,67.9462,126.0513,88.8277,117.425,476.1496,342.12812
7.1,68.3607,64.4196,65.764,67.4761,69.3977,73.3224,66.3077,67.8092,67.6731,184.5076,108.6077,128.6055,476.55152,342.41072
7.15,65.692,64.8889,65.7462,71.53,69.7835,73.0178,70.656,68.3416,68.1703,241.1761,143.5728,147.3672,476.95344,342.68704
7.2,68.7265,66.375,66.2372,67.1064,68.2612,72.0268,73.3469,69.8532,69.0331,149.7925,160.8146,147.7714,477.34908,342.96964
7.25,62.8456,66.8716,65.6661,62.5812,67.5596,70.4467,68.4743,69.8925,68.9399,113.8023,163.066,142.1099,477.751,343.25224
7.3,68.5613,66.8372,66.1428,64.541,66.647,69.4566,58.56,67.469,67.2099,103.0129,158.4583,135.5937,478.15292,343.52856
7.35,73.1146,67.788,67.2989,79.6276,69.0773,71.1459,67.1553,67.6385,67.2008,64.5949,134.4757,123.7606,478.55484,343.81116
7.4,65.2613,67.7019,66.9535,77.9616,70.3636,72.276,65.9103,66.6893,66.9857,63.2267,98.8858,113.6716,478.95676,344.09376
7.45,71.2467,68.2059,67.6632,73.2406,71.5904,72.431,68.1383,65.6476,67.1778,72.6387,83.4551,106.8328,479.3524,344.37636
7.5,64.8101,68.5988,67.1819,68.1995,72.7141,71.72,70.9779,66.1483,67.8112,64.4932,73.5933,99.7762,479.75432,344.65268
7.55,68.0939,68.5053,67.3281,67.5452,73.3149,71.0183,69.9057,68.4175,68.1603,61.2159,65.2339,93.3495,480.15624,344.93528
7.6,69.0392,67.6902,67.6074,74.2581,72.241,71.5524,64.4381,67.874,67.5399,63.0523,64.9254,88.3,480.55816,345.21788
7.65,68.3268,68.3033,67.7216,78.2441,72.2975,72.662,67.5155,68.1951,67.5358,66.7802,65.6361,84.7133,480.9538,345.4942
7.7,67.7717,67.6083,67.7241,67.1572,71.0808,71.7386,64.1914,67.4057,66.9784,69.209,64.9501,82.1293,481.35572,345.7768
7.75,65.762,67.7987,67.3912,66.1632,70.6735,70.8036,64.1285,66.0358,66.5034,67.6231,65.5761,79.7116,481.75764,346.0594
7.8,65.4825,67.2764,67.0662,64.7425,70.113,69.7865,67.1289,65.4805,66.6077,64.4248,66.2179,77.1638,482.15956,346.46132
7.85,66.0865,66.6859,66.8961,70.7908,69.4195,69.9471,70.9211,66.7771,67.3266,1066.1179,266.831,241.9895,482.56148,346.85696
7.9,70.5987,67.1403,67.5074,69.1495,67.6006,69.8084,71.6933,67.6126,68.0544,1118.4986,477.1747,388.0743,482.95712,347.13956
7.95,67.1023,67.0064,67.4341,65.6014,67.2895,69.1013,72.1525,69.2049,68.7374,1117.8816,686.9092,509.7089,483.35904,347.42216
8.0,64.2302,66.7,66.8942,64.873,67.0314,68.3908,60.9448,68.5681,67.4386,1159.3396,905.2525,617.9807,483.76096,347.70476
8.05,64.0167,66.4069,66.4089,71.1184,68.3066,68.8396,63.3018,67.8027,66.7492,1143.6354,1121.0946,705.5898,484.16288,347.98108
8.1,59.8327,65.1561,65.307,65.6735,67.2832,68.3061,65.2156,66.6616,66.4936,1026.4283,1113.1567,759.0629,484.55852,348.26368
8.15,66.4726,64.3309,65.4955,69.1372,67.2807,68.4388,67.2507,65.7731,66.6198,912.4815,1071.9533,784.6326,484.96044,348.54628
8.2,65.7755,64.0655,65.5363,66.5031,67.461,68.1103,67.6257,64.8677,66.7874,823.3982,1013.0566,791.0936,485.36236,348.82888
8.25,68.8133,64.9822,66.0767,71.9259,68.8716,68.7405,70.0958,66.6979,67.3388,592.4162,899.6719,757.9807,485.76428,349.1052
8.3,69.2907,66.037,66.6065,70.5276,68.7535,69.0325,67.8264,67.6028,67.4201,459.2863,762.8021,708.1983,486.1662,349.3878
8.35,61.7879,66.428,65.7976,70.3037,69.6795,69.2385,74.5253,69.4648,68.6043,370.1543,631.5473,651.8576,486.56184,349.6704
8.4,67.9352,66.7205,66.1481,60.2139,67.8948,67.7286,63.8749,68.7896,67.8161,316.5829,512.3676,595.9785,486.96376,349.94672
8.45,67.6291,67.0913,66.3891,69.7483,68.5439,68.0594,67.2725,68.719,67.7255,270.3351,401.755,541.7046,487.36568,350.22932
8.5,62.8788,65.9044,65.7982,68.4799,67.8546,68.1236,63.7624,67.4523,67.0649,212.7259,325.8169,486.8748,487.7676,350.51192
8.55,72.4325,66.5327,66.8981,70.983,67.9457,68.5944,69.209,67.7288,67.4223,166.9033,267.3403,433.5462,488.16324,350.79452
8.6,87.1094,71.597,70.2609,64.8073,66.8464,67.9574,62.7403,65.3718,66.6419,141.7955,221.6685,384.9211,488.56516,351.07084
8.65,102.7869,78.5673,75.676,66.8299,68.1697,67.7636,70.18,66.6328,67.2316,124.861,183.3241,341.5778,488.96708,351.35344
8.7,127.2704,90.4956,84.2692,70.689,68.3578,68.2454,66.675,66.5133,67.1388,112.2637,151.7099,303.3587,489.369,351.63604
8.75,204.7838,118.8766,104.355,69.8488,68.6316,68.5126,67.2289,67.2066,67.1539,85.247,126.2141,267.0068,489.56996,351.43508
8.8,307.5611,165.9023,138.2227,66.8537,67.8057,68.2361,65.8326,66.5314,66.9337,67.2293,106.2793,233.7105,489.77092,351.23412
8.85,205.7456,189.6296,149.4765,68.9395,68.6322,68.3534,62.4223,66.4678,66.1818,69.9599,91.9122,206.4188,489.97188,351.03316
8.9,100.3811,189.1484,141.2939,113.0545,77.8771,75.8035,72.743,66.9804,67.2753,64.6596,79.8719,182.7922,490.17284,350.8322
8.95,66.8885,177.072,128.893,174.8354,98.7064,92.3089,72.0519,68.0558,68.0714,59.6021,69.3396,162.2605,490.3738,350.63124
9.0,68.0065,149.7165,118.7453,264.7668,137.69,121.0518,68.5109,68.3121,68.1446,71.4457,66.5793,147.1247,490.57476,350.43028
9.05,61.0545,100.4152,109.1301,287.2242,181.7641,148.7472,67.2144,68.5885,67.9896,66.1029,66.354,133.6211,490.77572,350.22932
9.1,69.5958,73.1853,102.5411,135.8709,195.1504,146.6012,65.3228,69.1686,67.5451,62.039,64.7699,121.6907,490.97668,350.02836
9.15,69.9181,67.0927,97.1039,68.4556,186.2306,133.5769,64.8697,67.5939,67.0992,67.4689,65.3317,112.6538,491.17764,349.8274
9.2,64.7918,66.6733,91.7186,67.9631,164.8561,122.6413,74.4126,68.0661,68.3181,78.1497,69.0413,106.9031,491.37232,349.62644
9.25,67.9496,66.662,87.7571,68.1349,125.5297,113.5569,70.8374,68.5314,68.738,61.6053,67.0732,99.3535,491.57328,349.42548
9.3,63.6084,67.1727,83.7323,63.9469,80.8743,105.2886,65.7801,68.2445,68.245,69.4361,67.7398,94.3672,491.77424,349.22452
9.35,71.8935,67.6323,81.7592,64.9855,66.6972,98.5714,68.1183,68.8036,68.2239,58.2486,66.9817,88.3475,491.9752,349.02356
9.4,68.3276,67.3142,79.5205,73.3307,67.6722,94.3646,62.0023,68.2301,67.187,79.0311,69.2942,86.7947,492.18244,348.8226
9.45,65.6578,67.4874,77.2101,66.8687,67.4533,89.782,60.774,65.5024,66.1181,139.9576,81.6557,95.6552,492.37712,348.62164
9.5,69.0419,67.7058,75.8488,67.7382,67.374,86.108,66.0022,64.5354,66.0988,213.4085,112.0164,115.2808,492.57808,348.42068
9.55,63.1111,67.6064,73.7258,68.1346,68.2116,83.1125,107.2971,72.8388,72.9652,297.9286,157.7149,145.7221,492.77904,348.21972
9.6,67.2459,66.6769,72.6458,66.8633,68.5871,80.4042,111.6828,81.5517,79.4181,154.9145,177.0481,147.2541,492.98,348.02504
9.65,70.3029,67.0719,72.2553,65.3136,66.9837,77.8891,130.5098,95.2532,87.9334,123.7444,185.9907,143.3358,493.18096,347.82408
9.7,68.6177,67.6639,71.6432,63.0679,66.2235,75.4131,103.4138,103.7811,90.5135,106.32,179.2632,137.1665,493.46356,348.21972
9.75,64.6261,66.7807,70.4679,65.4354,65.763,73.7443,82.8334,107.1474,89.2334,81.7791,152.9373,127.9353,493.74616,348.62164
9.8,70.9369,68.3459,70.5402,67.1471,65.5654,72.639,68.4781,99.3836,85.7742,67.5234,106.8563,117.8666,494.02248,349.02356
9.85,64.1948,67.7357,69.4768,69.4594,66.0847,72.1032,70.5624,91.1595,83.2389,69.5481,89.783,109.8136,494.30508,349.42548
9.9,66.7778,67.0307,69.0212,67.0228,66.4265,71.2507,64.4281,77.9431,80.1038,71.8959,79.4133,103.4939,494.58768,349.82112
9.95,67.9465,66.8964,68.8363,67.788,67.3705,70.6678,69.3708,71.1346,78.3149,72.6557,72.6805,98.3542,494.864,350.22304
10.0,68.2822,67.6276,68.7381,58.7497,66.0334,68.6756,63.8232,67.3325,75.8997,71.5978,70.6442,93.8948,495.26592,350.50564
10.05,70.3134,67.5029,68.9948,65.0828,65.6205,68.0709,63.7805,66.393,73.8798,66.9777,70.5351,89.4087,495.66784,350.78824
10.1,73.9423,69.4524,69.8136,72.0938,66.1474,68.7356,72.7102,66.8226,73.6849,71.5859,70.9426,86.4382,496.06976,351.06456
10.15,70.4964,70.1962,69.9216,64.5972,65.6623,68.04,63.1538,66.5677,71.9297,66.7118,69.9058,83.1505,496.47168,351.34716
10.2,72.1831,71.0435,70.2927,69.3318,65.9711,68.2495,65.4276,65.7791,70.846,67.2451,68.8237,80.4996,496.86732,351.62976
10.25,67.6563,70.9183,69.8474,61.2551,66.4722,67.078,74.9093,67.9963,71.5232,62.9802,67.1002,77.5797,497.26924,351.91236
10.3,63.4085,69.5373,68.7675,65.4365,66.5429,66.7976,66.3486,68.5099,70.6608,67.809,67.2664,75.9512,497.67116,352.308
10.35,72.3769,69.2243,69.3622,71.7035,66.4648,67.6084,63.9106,66.75,69.5358,62.5869,65.4666,73.7239,498.07308,352.70992
10.4,66.2769,68.3804,68.8411,65.4142,66.6282,67.2358,72.7897,68.6772,70.0781,70.0213,66.1285,73.1068,498.475,353.11184
10.45,64.6708,66.8779,68.1392,61.1895,64.9998,66.2213,69.6445,69.5206,70.0058,59.8135,64.6422,70.8912,498.87064,353.51376
10.5,72.5736,67.8613,68.8715,69.4533,66.6394,66.7531,68.397,68.2181,69.7377,69.2568,65.8975,70.6188,499.27256,353.9094
10.55,65.4205,68.2637,68.2895,68.9111,67.3343,67.1059,66.0952,68.1674,69.1306,60.5371,64.4431,68.9385,499.67448,354.31132
10.6,63.6873,66.5258,67.5156,64.5008,65.8938,66.6649,67.1434,68.814,68.7994,71.3259,66.1909,69.3364,500.0764,354.71324
10.65,64.6886,66.2081,67.0376,68.4803,66.507,66.9606,64.5117,67.1583,68.0848,67.4498,65.6766,69.022,500.47204,355.11516
10.7,71.2619,67.5264,67.7348,65.4745,67.364,66.7061,70.8607,67.4016,68.5474,67.2234,67.1586,68.7222,500.87396,355.51708
10.75,66.7716,66.366,67.5674,66.5662,66.7866,66.676,65.4211,66.8064,68.0264,67.1937,66.746,68.4675,501.27588,355.91272
10.8,65.7358,66.429,67.2553,69.8057,66.9655,67.1907,63.5657,66.3005,67.2829,67.4845,68.1354,68.3036,501.6778,356.31464
10.85,66.3455,66.9607,67.0968,63.5922,66.7838,66.5841,67.6537,66.4026,67.3447,63.7239,66.615,67.5403,502.07972,356.71656
10.9,59.1247,65.8479,65.7613,73.7681,67.8413,67.7746,67.3233,66.9649,67.3412,68.7592,66.8769,67.7435,502.47536,357.11848
10.95,70.5995,65.7154,66.5608,68.6021,68.4669,67.9057,63.276,65.448,66.6636,61.2325,65.6788,66.6583,502.87728,357.5204
11.0,64.1891,65.1989,66.1587,66.2287,68.3994,67.6194,70.5918,66.4821,67.3183,63.6659,64.9732,66.1596,503.2792,357.91604
11.05,68.6109,65.7739,66.5605,64.4381,67.3259,67.0823,63.2525,66.4195,66.6407,64.8806,64.4524,65.9464,503.68112,358.31796
11.1,74.035,67.3118,67.7994,94.8564,73.5787,71.7044,65.7248,66.0337,66.488,66.5557,65.0188,66.048,504.08304,358.71988
11.15,67.8855,69.064,67.807,113.89,81.6031,78.7286,60.8304,64.7351,65.5451,65.6916,64.4053,65.9886,504.47868,359.1218
11.2,68.0459,68.5533,67.84,181.4308,104.1688,95.8388,70.2798,66.1359,66.3342,64.1047,64.9797,65.6746,504.8806,359.51744
11.25,64.6247,68.6404,67.304,277.9532,146.5137,126.1911,67.8169,65.5809,66.5813,63.8875,65.024,65.3768,505.08156,359.32276
11.3,67.1921,68.3566,67.2854,153.2515,164.2764,130.7012,65.6447,66.0593,66.4252,66.7822,65.4044,65.611,505.28252,359.1218
11.35,73.4611,68.2419,68.3147,66.5236,158.6098,120.0049,65.2016,65.9547,66.2213,61.7615,64.4455,64.9694,505.48348,358.92084
11.4,68.3042,68.3256,68.3129,66.9165,149.2151,111.1569,68.6687,67.5223,66.6292,67.2415,64.7555,65.3481,505.68444,358.71988
11.45,69.2015,68.5567,68.461,64.7801,125.885,103.4274,66.2595,66.7183,66.5676,64.2625,64.787,65.1672,505.8854,358.51892
11.5,63.3386,68.2995,67.6073,67.9004,83.8744,97.5062,64.7783,66.1106,66.2694,68.7556,65.7607,65.7652,506.08636,358.31796
11.55,65.9495,68.051,67.331,65.1798,66.2601,92.1185,70.8544,67.1525,67.0335,80.148,68.4338,68.1624,506.28732,358.117
11.6,67.0609,66.7709,67.286,69.0378,66.7629,88.2717,66.2562,67.3634,66.904,132.7601,82.6335,78.9286,506.48828,357.91604
11.65,60.9695,65.304,66.2332,72.9008,67.9598,85.7099,65.1068,66.651,66.6044,198.6138,108.908,98.8762,506.68924,357.71508
11.7,66.9566,64.855,66.3538,66.8703,68.3778,82.57,73.1376,68.0267,67.6933,262.658,148.5871,126.1731,506.8902,357.51412
11.75,69.2709,66.0415,66.84,65.8706,67.9719,79.7867,64.0875,67.8885,67.0923,200.7959,174.9952,138.6103,507.09116,357.31316
11.8,68.8915,66.6299,67.1761,65.0481,67.9455,77.3245,69.0357,67.5248,67.4162,234.4305,205.8517,154.5803,507.4868,357.59576
11.85,64.6524,66.1482,66.7497,70.6158,68.2611,76.2006,64.8328,67.2401,66.9857,184.9313,216.2859,159.6388,507.88872,357.87208
11.9,70.0171,67.9577,67.2884,67.9437,67.2697,74.8186,71.706,68.5599,67.7724,112.341,199.0313,151.7558,508.29064,358.15468
11.95,62.4559,67.0576,66.4771,68.0241,67.5005,73.6803,69.8321,67.8988,68.1157,72.7997,161.0597,138.5965,508.69256,358.43728
12.0,65.1278,66.2289,66.2465,70.3932,68.405,73.1267,68.7351,68.8283,68.2189,64.9517,133.8908,126.3224,509.09448,358.7136
12.05,75.5969,67.57,67.7991,67.114,68.8182,72.1188,63.0902,67.6392,67.3641,64.2759,99.8599,115.9813,509.49012,358.9962
12.1,93.2672,73.293,72.0379,70.0039,68.6958,71.7604,67.9188,68.2565,67.4566,67.191,76.3119,107.8496,509.89204,359.2788
12.15,108.3962,80.9688,78.0918,67.7937,68.6658,71.0935,67.4827,67.4118,67.4609,70.0433,67.8523,101.5485,510.29396,359.5614
12.2,128.2476,94.1271,86.4453,57.3482,66.5306,68.7968,65.3056,66.5065,67.1017,69.7233,67.237,96.2443,510.69588,359.83772
12.25,120.9503,105.2917,92.1961,85.7612,69.6042,71.6241,68.7917,66.5178,67.3834,67.6665,67.78,91.4813,510.89684,359.64304
12.3,62.7414,102.7205,87.287,106.1171,77.4048,77.373,67.9565,67.4911,67.4789,66.2938,68.1836,87.2834,511.0978,359.4358
12.35,64.3974,96.9466,83.472,111.2897,85.662,83.0257,66.8551,67.2783,67.3749,69.2369,68.5928,84.2757,511.29876,359.24112
12.4,68.6541,88.9982,81.0024,120.2571,96.1547,89.231,65.6465,66.9111,67.0869,69.8128,68.5467,81.8652,511.49344,359.04016
12.45,74.8597,78.3206,79.9786,133.8106,111.4471,96.661,68.1461,67.4792,67.2634,72.5212,69.1063,80.3079,511.6944,358.8392
12.5,63.6127,66.8531,77.251,66.0063,107.4962,91.5518,73.8706,68.495,68.3646,61.4395,67.8609,77.1631,511.89536,358.63824
12.55,67.4548,67.7958,75.6183,60.4163,98.356,86.3626,62.0688,67.3174,67.3153,58.3788,66.2778,74.0324,512.09632,358.43728
12.6,67.2943,68.3751,74.231,62.4295,88.584,82.3737,61.8479,66.316,66.4041,66.0806,65.6466,72.7071,512.29728,358.23632
12.65,69.6133,68.567,73.4614,70.218,78.5761,80.3478,68.7542,66.9375,66.7958,65.1363,64.7113,71.4453,512.49824,358.03536
12.7,69.1546,67.4259,72.7436,66.1053,65.0351,77.974,69.4088,67.1901,67.2313,81.3791,66.4829,73.101,512.6992,357.8344
12.75,62.5088,67.2052,71.0309,63.5067,64.5352,75.5559,70.1557,66.4471,67.7187,67.8315,67.7613,72.2227,513.10112,358.23632
12.8,70.1609,67.7464,70.8791,67.8131,66.0145,74.2587,67.7134,67.576,67.7178,67.7913,69.6438,71.4841,513.50304,358.63196
12.85,63.3644,66.9604,69.6198,63.1429,66.1572,72.3992,67.7845,68.7633,67.7289,85.2632,73.4803,73.7806,513.89868,359.03388
12.9,64.3385,65.9054,68.7327,68.4552,65.8046,71.735,74.6789,69.9483,68.8872,129.8158,86.4162,83.1198,514.3006,359.4358
12.95,64.2967,64.9339,67.9876,67.2425,66.0321,70.9804,64.9324,69.053,68.2281,173.8616,104.9127,98.2435,514.70252,359.7184
13.0,69.9415,66.4204,68.3074,65.8631,66.5034,70.1217,71.0525,69.2323,68.6988,227.7221,136.8908,119.8232,515.10444,359.99472
13.05,66.6506,65.7183,68.0254,64.6455,65.8698,69.2032,72.7122,70.2321,69.3677,278.0511,178.9428,146.1946,515.50636,360.27732
13.1,64.3505,65.9156,67.4071,68.0472,66.8507,69.0047,68.8499,70.4452,69.2814,273.5467,216.5995,167.4199,515.902,360.55992
13.15,72.3964,67.5271,68.2329,67.3837,66.6364,68.7288,69.0291,69.3152,69.2394,215.2551,233.6873,175.3925,516.30392,360.83624
13.2,68.5577,68.3793,68.2812,66.5813,66.5042,68.365,67.4851,69.8258,68.947,118.8126,222.6775,165.9625,516.70584,361.11884
13.25,69.0739,68.2058,68.4075,65.2908,66.3897,67.8468,67.7373,69.1627,68.7454,68.8796,190.909,149.782,517.10776,361.40144
13.3,60.9845,67.0726,67.1645,66.5618,66.773,67.6268,67.3953,68.0993,68.5204,72.8294,149.8647,136.9566,517.5034,361.68404
13.35,64.1657,67.0356,66.6589,63.8271,65.929,66.9878,56.2381,65.5769,66.4733,70.7224,109.2998,125.9175,517.90532,361.96036
13.4,67.2385,66.0041,66.7497,61.33,64.7182,66.039,68.1382,65.3988,66.7508,63.7627,79.0013,115.5584,518.30724,362.24296
13.45,65.263,65.3451,66.496,69.6572,65.3334,66.6362,62.3415,64.3701,66.0159,60.385,67.3158,106.3628,518.70916,362.52556
13.5,71.4871,65.8277,67.3221,71.1094,66.4971,67.3759,71.2036,65.0633,66.8805,66.1162,66.7632,99.6551,519.11108,362.80188
13.55,64.0697,66.4448,66.7742,65.5119,66.2872,67.0595,62.1789,64.0201,66.0969,63.7572,64.9487,93.6721,519.50672,363.08448
13.6,66.8451,66.9807,66.7802,64.0328,66.3283,66.5492,67.2456,66.2216,66.2884,69.0734,64.6189,89.5723,519.90864,363.36708
13.65,70.2589,67.5847,67.3542,72.0504,68.4724,67.4603,70.9061,66.7751,67.058,67.1816,65.3027,85.8405,520.31056,363.6434
13.7,67.8566,68.1035,67.4321,63.29,67.1989,66.7594,66.3233,67.5715,66.9355,63.2846,65.8826,82.0812,520.7062,363.926
13.75,63.7198,66.55,66.8075,59.2459,64.8262,65.5013,61.9067,65.7121,66.0974,66.3299,65.9254,79.456,521.10812,364.2086
13.8,65.2534,66.7867,66.5417,66.058,64.9354,65.5873,64.6927,66.2149,65.8633,64.7728,66.1285,77.0088,521.51004,364.60424
13.85,65.3823,66.4942,66.3417,74.6473,67.0583,67.0905,71.9864,67.163,66.8838,65.8275,65.4793,75.1453,521.90568,365.00616
13.9,68.5889,66.1602,66.7093,68.7612,66.4005,67.3621,63.191,65.62,66.2683,69.1456,65.8721,74.1453,522.3076,365.40808
13.95,69.6434,66.5175,67.1915,68.6264,67.4678,67.5659,66.2487,65.6051,66.2651,62.654,65.746,72.2301,522.70952,365.81
14.0,69.4582,67.6652,67.5624,68.3639,69.2914,67.6921,72.3504,67.6938,67.2793,1099.3882,272.3576,243.4231,523.11144,366.21192
14.05,69.3817,68.4909,67.8598,69.0633,69.8924,67.9148,68.1702,68.3893,67.4278,1115.7259,482.5482,388.8069,523.51336,366.48824
14.1,72.872,69.9889,68.6894,65.9904,68.161,67.5883,67.5826,67.5086,67.4536,1060.8795,681.5586,500.819,523.909,366.77084
14.15,66.8206,69.6352,68.3721,67.7329,67.9554,67.6065,65.4662,67.9636,67.1223,1122.4221,892.2139,604.4195,524.31092,367.05344
14.2,74.4843,70.6034,69.385,66.9131,67.6127,67.4852,64.105,67.5349,66.6195,1065.8953,1092.8622,681.3321,524.71284,367.32976
14.25,67.4046,70.1926,69.0491,65.4073,67.0214,67.133,61.3291,65.3306,65.7377,862.879,1045.5604,711.59,525.11476,367.61236
14.3,61.9986,68.716,67.8682,72.7473,67.7582,68.0629,66.0441,64.9054,65.7888,954.298,1013.2748,752.0413,525.5104,367.89496
14.35,69.5109,68.0438,68.1361,64.1417,67.3885,67.4036,65.948,64.5785,65.8153,1068.5869,1014.8163,804.7989,525.91232,368.17756
14.4,66.5248,67.9846,67.8618,64.8941,66.8207,66.9795,67.3428,64.9538,66.0699,1100.9694,1010.5257,854.1607,526.31424,368.45388
14.45,64.0754,65.9029,67.2249,69.6561,67.3693,67.4198,70.9871,66.3302,66.8894,1138.8051,1025.1077,901.6014,526.71616,368.73648
14.5,65.9081,65.6036,66.9996,66.3543,67.5587,67.2363,67.3397,67.5323,66.9645,1135.0241,1079.5367,940.5052,527.11808,369.01908
14.55,68.4808,66.9,67.2406,65.7035,66.1499,66.9751,70.2481,68.3731,67.5118,978.2787,1084.3328,946.8008,527.51372,369.30168
14.6,70.6483,67.1275,67.8028,68.8866,67.0989,67.2879,63.5909,67.9017,66.8583,889.7105,1048.5576,937.2857,527.91564,369.578
14.65,72.0072,68.224,68.4977,64.4764,67.0154,66.8134,68.3307,68.0993,67.1037,846.8731,997.7383,922.217,528.31756,369.8606
14.7,72.8242,69.9737,69.2129,62.1626,65.5167,66.0325,72.2686,68.3556,67.9645,617.5284,893.483,871.4355,528.71948,370.1432
14.75,73.2272,71.4375,69.8762,64.7948,65.2048,65.8204,66.3699,68.1616,67.6987,536.2464,773.7274,815.5707,529.11512,370.41952
14.8,63.2496,70.3913,68.7659,68.3711,65.7383,66.2397,61.1102,66.334,66.6006,399.7135,658.0144,746.2611,529.51704,370.70212
14.85,67.1386,69.6894,68.4889,70.3441,66.0298,66.9179,64.8713,66.5901,66.3124,332.1457,546.5014,677.2419,529.91896,370.98472
14.9,65.861,68.4601,68.0451,67.0855,66.5516,66.94,70.5882,67.0417,67.0251,285.9742,434.3216,612.0306,530.32088,371.26732
14.95,63.7399,66.6433,67.3217,66.8948,67.4981,66.9267,68.3264,66.2532,67.2419,222.8133,355.3786,547.1611,530.7228,371.54364
15.0,65.9957,65.197,67.0949,64.6921,67.4775,66.5485,65.7547,66.1302,66.9941,201.958,288.5209,489.6272,531.11844,371.82624
15.05,60.4995,64.6469,65.9898,67.3814,67.2796,66.6814,67.4717,67.4025,67.0737,153.0637,239.191,433.5333,531.52036,372.10884
15.1,109.7111,73.1614,73.2709,62.2142,65.6536,65.9311,69.8946,68.4071,67.5438,122.7865,197.3191,381.7422,531.92228,372.38516
15.15,113.9982,82.7889,80.053,63.9747,65.0314,65.5992,65.5882,67.4071,67.2179,110.622,162.2487,336.5555,532.3242,372.66776
15.2,181.3378,106.3085,96.9338,64.813,64.6151,65.4682,73.1952,68.3809,68.2141,90.4713,135.7803,295.5414,532.52516,372.4668
15.25,278.012,148.7117,127.1135,61.8201,64.0407,64.8602,66.1108,68.4521,67.8635,69.9816,109.385,257.9481,532.72612,372.26584
15.3,371.6582,210.9435,167.8709,68.9899,64.3624,65.5484,62.0596,67.3697,66.8962,60.9875,90.9698,225.1214,532.92708,372.06488
15.35,179.3152,224.8643,169.7783,101.9478,72.3091,71.615,66.4227,66.6753,66.8173,63.1205,79.0366,198.1212,533.12804,371.86392
15.4,60.6773,214.2001,151.5949,141.4395,87.8021,83.2525,68.0997,67.1776,67.031,68.4555,70.6033,176.5103,533.32272,371.66296
15.45,69.6971,191.872,137.9452,238.751,122.5897,109.1689,67.189,65.9764,67.0574,68.8469,66.2784,158.5664,533.52368,371.462
15.5,66.8042,149.6304,126.0884,328.604,175.9464,145.7414,68.8082,66.5158,67.3492,64.8276,65.2476,142.9433,533.72464,371.26104
15.55,65.6959,88.438,116.0229,255.5773,213.2639,164.0473,61.162,66.3363,66.318,68.1013,66.6704,130.4696,533.9256,371.06636
15.6,66.276,65.8301,107.7318,129.4195,218.7583,158.276,69.7333,66.9984,66.8872,62.2716,66.5006,119.1033,534.12656,370.8654
15.65,67.5272,67.2001,101.031,116.6141,213.7932,151.3324,66.7821,66.7349,66.8697,70.1451,66.8385,110.9436,534.32752,370.66444
15.7,74.2909,68.1189,96.5743,72.5205,180.5471,138.1971,71.7664,67.6504,67.6858,67.5037,66.5699,103.7036,534.52848,370.46348
15.75,69.3796,68.6339,92.0419,64.139,127.6541,125.854,68.2646,67.5417,67.7823,66.2843,66.8612,97.467,534.72944,370.26252
15.8,66.0602,68.7068,87.7116,59.749,88.4884,114.8365,65.6884,68.447,67.4333,67.1922,66.6794,92.4212,534.9304,370.06156
15.85,66.5183,68.7552,84.1794,61.9559,74.9957,106.0231,68.7804,68.2564,67.6578,64.122,67.0495,87.7047,535.13136,369.8606
15.9,67.1476,68.6793,81.3407,64.8359,64.6401,99.1586,66.9413,68.2882,67.5384,120.2303,77.0665,93.1256,535.33232,369.65964
15.95,74.9096,68.803,80.2689,68.4172,63.8194,94.035,58.6607,65.6671,66.0588,179.913,99.5484,107.5902,535.53328,369.45868
16.0,65.0289,67.9329,77.7289,71.494,65.2904,90.2782,109.3966,73.8935,73.2817,271.1949,140.5305,134.8576,535.73424,369.25772
16.05,64.9832,67.7175,75.6046,63.4795,66.0365,85.8117,109.6867,82.6931,79.3492,350.8274,197.2575,170.8526,535.9352,369.05676
16.1,72.9508,69.004,75.1623,60.0463,65.6546,81.5174,131.4557,95.2282,88.0336,213.4686,227.1268,177.9553,536.14244,368.8558
16.15,67.5155,69.0776,73.8879,71.2302,66.9334,79.803,143.1989,110.4797,97.2279,91.8755,221.4559,163.6086,536.33712,368.65484
16.2,59.6068,66.017,71.5018,72.0815,67.6663,78.5102,124.8568,123.7189,101.8327,73.1117,200.0956,148.5258,536.61972,369.05676
16.25,69.5108,66.9134,71.1642,76.4802,68.6635,78.1661,114.3111,124.7018,103.9124,68.0088,159.4584,135.1063,536.89604,369.45868
16.3,61.2676,66.1703,69.509,67.2949,69.4266,76.3484,98.7759,122.5197,103.0563,66.3025,102.5534,123.639,537.17864,369.85432
16.35,69.6834,65.5168,69.5322,68.6516,71.1477,75.0598,104.9985,117.2282,103.38,70.7999,74.0197,114.8325,537.46124,370.25624
16.4,66.6218,65.3381,69.0413,66.2153,70.1447,73.5799,98.5323,108.2949,102.5721,74.4998,70.5445,108.1104,537.74384,370.65816
16.45,66.8452,66.7858,68.6695,69.0081,69.53,72.8121,86.4212,100.6078,99.8802,62.137,68.3496,100.4482,538.02016,371.06008
16.5,67.3432,66.3522,68.4426,70.0941,68.2528,72.3533,62.6353,90.2726,93.6728,71.3878,69.0254,95.6048,538.30276,371.45572
16.55,67.0605,67.5108,68.2064,68.225,68.4388,71.6594,71.6225,84.842,89.9977,64.1774,68.6004,90.3669,538.58536,371.85764
16.6,66.7894,66.932,67.9645,74.9096,69.6904,72.1953,64.2841,76.6991,85.7121,66.2097,67.6824,86.3407,538.86168,372.25956
16.65,78.5703,69.3217,69.7263,75.0863,71.4646,72.6713,64.7889,69.9504,82.2249,63.9516,65.5727,82.6092,539.14428,372.66148
16.7,65.1061,68.9739,68.9504,67.7154,71.2061,71.8395,67.3027,66.1267,79.7379,60.4674,65.2388,78.9189,539.42688,373.05712
16.75,69.3546,69.3762,69.0109,69.3044,71.0481,71.4101,64.417,66.483,77.1844,67.8331,64.5279,77.0713,539.8288,373.45904
16.8,65.2492,69.0139,68.3771,72.6028,71.9237,71.6021,69.5357,66.0657,75.9096,68.2017,65.3327,75.593,540.22444,373.86096
16.85,64.3855,68.5331,67.705,66.3726,70.2163,70.7236,65.3462,66.2781,74.149,68.6959,65.8299,74.4435,540.62636,374.26288
16.9,67.1152,66.2421,67.5999,65.6689,68.3328,69.8743,73.6622,68.0528,74.0679,66.4477,66.3291,73.1108,541.02828,374.6648
16.95,63.9165,66.0042,66.9792,67.2802,68.2458,69.4352,71.2306,68.8383,73.595,69.5988,68.1554,72.5255,541.4302,375.06044
17.0,70.6199,66.2573,67.5791,64.4769,67.2803,68.6019,62.2106,68.3971,71.6976,60.9423,66.7772,70.595,541.83212,375.46236
17.05,67.5937,66.7262,67.5747,65.7959,65.9189,68.1274,72.0038,68.8907,71.7486,66.3078,66.3985,69.8804,542.22776,375.86428
17.1,67.8857,67.4262,67.6197,63.1889,65.2822,67.2975,62.0617,68.2338,70.1341,64.0345,65.4662,68.9061,542.62968,376.2662
17.15,61.5006,66.3033,66.593,61.6231,64.473,66.3449,72.0607,67.9135,70.4552,65.4401,65.2647,68.3284,543.0316,376.66812
17.2,63.5651,66.233,66.0815,64.4542,63.9078,66.023,71.7608,68.0195,70.6728,69.9484,65.3346,68.5984,543.43352,377.06376
17.25,66.6285,65.4347,66.1658,72.2843,65.4693,67.0596,61.6872,67.9148,69.1752,62.3075,65.6077,67.5499,543.83544,377.46568
17.3,66.6963,65.2552,66.2474,62.9845,64.907,66.3736,66.0294,66.72,68.6509,69.4021,66.2265,67.8586,544.23108,377.8676
17.35,61.3961,63.9573,65.432,69.0964,66.0885,66.8206,67.1076,67.7292,68.3937,74.2195,68.2635,68.9188,544.633,378.26952
17.4,65.4114,64.7395,65.4217,66.7839,67.1207,66.8076,63.7762,66.0723,67.6241,69.2829,69.0321,68.9795,545.03492,378.66516
17.45,68.1532,65.6571,65.8701,70.1004,68.2499,67.3496,64.9716,64.7144,67.182,64.8737,68.0171,68.2952,545.43684,379.06708
17.5,66.5298,65.6373,65.9732,69.1367,67.6204,67.6406,63.9315,65.1633,66.6403,66.9517,68.946,68.0713,545.83248,379.469
17.55,67.5841,65.8149,66.2348,67.1458,68.4527,67.5513,62.9807,64.5535,66.0304,73.3366,69.7329,68.9488,546.2344,379.87092
17.6,103.5892,74.2535,72.4537,69.1196,68.4573,67.8058,62.8917,63.7104,65.5073,69.7281,68.8346,69.0787,546.63632,380.27284
17.65,128.4666,86.8646,81.7824,63.6718,67.8349,67.11,68.8239,64.7199,66.06,70.9286,69.1637,69.387,547.03824,380.66848
17.7,72.7104,87.776,80.2704,66.4896,67.1127,67.0066,64.7009,64.6657,65.8335,74.3475,71.0585,70.2138,547.2392,380.46752
17.75,67.5113,87.9723,78.1438,94.0462,72.0946,71.5131,68.9309,65.6656,66.3497,61.3163,69.9314,68.7309,547.44016,380.27284
17.8,66.8427,87.8241,76.2535,114.1921,81.5039,78.6195,67.5515,66.5798,66.55,70.1045,69.285,68.9598,547.8358,380.66848
17.85,63.9875,79.9037,74.2023,163.3589,100.3517,92.7359,71.6445,68.3303,67.3991,65.3728,68.414,68.362,548.23772,381.0704
17.9,69.8861,68.1876,73.483,204.386,128.4945,111.3442,63.6426,67.2941,66.773,66.7886,67.5859,68.0997,548.43868,380.86944
17.95,69.8126,67.6081,72.8712,260.0408,167.2048,136.127,70.418,68.4375,67.3805,60.5753,64.8315,66.8457,548.63964,380.66848
18.0,64.7099,67.0478,71.511,129.3731,174.2702,135.0013,68.4251,68.3363,67.5546,66.8983,65.9479,66.8544,548.8406,380.46752
18.05,66.5704,66.9933,70.6876,60.7455,163.5808,122.6254,65.2806,67.8822,67.1756,63.4468,64.6164,66.2865,549.04156,380.26656
18.1,73.2702,68.8498,71.118,67.0874,144.3266,113.369,62.1679,65.9868,66.341,64.2532,64.3925,65.9476,549.24252,380.0656
18.15,65.5176,67.9761,70.1846,70.7839,117.6061,106.2715,72.5784,67.774,67.3806,61.4621,63.3271,65.2,549.44348,379.86464
18.2,66.9358,67.4008,69.6431,63.2261,78.2432,99.0973,65.0069,66.6918,66.985,97.6272,70.7375,70.6046,549.64444,379.66368
18.25,66.4107,67.7409,69.1044,70.4597,66.4605,94.3244,65.7516,66.1571,66.7794,120.7641,81.5107,78.9645,549.8454,379.46272
18.3,64.5947,67.3458,68.3528,63.1016,66.9317,89.1206,65.6027,66.2215,66.5833,167.1029,102.2419,93.6542,550.04636,379.26176
18.35,64.8886,65.6695,67.7754,64.2972,66.3737,84.9833,67.3587,67.2597,66.7125,203.9286,130.177,112.0333,550.24732,379.0608
18.4,63.9385,65.3537,67.1359,65.6849,65.3539,81.7669,66.6109,66.0662,66.6956,225.589,163.0024,130.9592,550.44828,378.86612
18.45,67.0519,65.3769,67.1219,66.7322,66.0551,79.2611,66.2416,66.3131,66.6199,263.3341,196.1438,153.0217,550.64924,378.66516
18.5,70.1744,66.1296,67.6248,71.3854,66.2402,77.9427,68.9308,66.9489,67.0051,269.7104,225.933,172.4698,551.05116,378.94148
18.55,65.6568,66.342,67.291,70.4849,67.7169,76.6939,70.8342,67.9952,67.6433,275.2044,247.5533,189.5923,551.4468,379.22408
18.6,67.3515,66.8346,67.2953,63.1274,67.4829,74.427,69.5088,68.4253,67.9542,112.0679,229.1812,176.6715,551.84872,379.50668
18.65,68.1433,67.6756,67.4308,62.61,66.868,72.4517,69.9823,69.0995,68.2922,65.8097,197.2253,158.1946,552.25064,379.783
18.7,68.7156,68.0083,67.6391,71.7645,67.8744,72.3313,74.47,70.7452,69.3218,62.8111,157.1207,142.2973,552.65256,380.0656
18.75,64.7796,66.9293,67.1567,69.138,67.425,71.7933,64.8286,69.9248,68.573,73.2846,117.8355,130.7952,553.0482,380.3482
18.8,63.4994,66.4979,66.5413,65.462,66.4204,70.7323,58.9088,67.5397,66.9623,71.4305,77.0808,120.9011,553.45012,380.6308
18.85,67.418,66.5112,66.6816,63.2746,66.4498,69.4835,73.0179,68.2415,67.9715,68.2423,68.3156,112.1246,553.85204,380.90712
18.9,69.3868,66.7599,67.1267,64.3841,66.8047,68.6278,65.7314,67.3914,67.5982,72.805,69.7147,105.5713,554.25396,381.18972
18.95,66.213,66.2594,66.9685,86.966,69.8449,71.6783,66.9708,65.8915,67.4936,68.4656,70.8456,99.3871,554.65588,381.47232
19.0,61.5196,65.6074,66.0546,115.1107,79.0395,78.9113,66.1027,66.1463,67.2618,70.1526,70.2192,94.5146,555.05152,381.74864
19.05,66.4042,66.1883,66.107,145.496,95.0463,90.0029,64.8372,67.332,66.8577,61.0556,68.1442,88.9381,555.45344,382.03124
19.1,65.9225,65.8892,66.0763,167.708,115.9329,102.9537,67.3121,66.1908,66.9334,65.2757,67.5509,84.9944,555.6544,381.83028
19.15,62.7001,64.5519,65.5136,66.9254,116.4412,96.949,64.5279,65.9501,66.5325,64.7122,65.9323,81.614,555.85536,381.62932
19.2,66.1782,64.5449,65.6244,70.061,113.0602,92.4677,64.1194,65.3799,66.1303,67.7203,65.7833,79.2984,556.05632,381.42836
19.25,66.8266,65.6063,65.8247,68.0656,103.6512,88.4007,59.8164,64.1226,65.078,67.1756,65.1879,77.2779,556.25728,381.2274
19.3,62.2649,64.7785,65.2314,66.0416,87.7603,84.6742,68.6702,64.8892,65.6767,67.1988,66.4165,75.5981,556.45824,381.02644
19.35,67.1407,65.0221,65.5496,67.2229,67.6633,81.7656,69.48,65.3228,66.3106,78.3161,69.0246,76.0511,556.6592,380.82548
19.4,63.7735,65.2368,65.2536,65.9458,67.4674,79.1289,66.9239,65.802,66.4128,109.2601,77.9342,81.5859,556.86016,380.6308
19.45,65.6136,65.1239,65.3078,64.1314,66.2815,76.6236,65.4243,66.063,66.2481,107.9699,85.9841,85.9832,557.26208,380.90712
19.5,65.1971,64.7979,65.2835,63.7633,65.421,74.4744,67.5813,67.6159,66.4703,106.4616,93.8413,89.3963,557.65772,381.18972
19.55,68.3359,66.0121,65.7864,64.4182,65.0963,72.7925,67.2221,67.3263,66.5956,122.6828,104.9381,94.944,558.05964,381.47232
19.6,70.1958,66.6232,66.5155,71.98,66.0478,72.6513,66.7096,66.7722,66.6146,181.3813,125.5511,109.3503,558.46156,381.74864
19.65,66.6627,67.201,66.5342,69.9528,66.8492,72.1957,69.6905,67.3256,67.1272,264.0843,156.516,135.1393,558.86348,382.03124
19.7,67.6577,67.6098,66.7157,69.2197,67.8668,71.6939,67.5989,67.7605,67.2058,137.463,162.4146,135.5265,559.25912,382.31384
19.75,65.0958,67.5896,66.4398,63.4683,67.8078,70.3171,65.3042,67.3051,66.8889,79.3432,156.9909,126.1627,559.66104,382.59644
19.8,65.3,66.9824,66.2441,67.5546,68.4351,69.8509,68.3301,67.5267,67.1291,70.2361,146.5016,116.8416,560.06296,382.87276
19.85,63.8377,65.7108,65.8372,75.4297,69.125,70.7749,75.3251,69.2498,68.4951,65.1584,123.257,108.2277,560.46488,383.15536
19.9,64.8673,65.3517,65.6697,78.5292,70.8403,72.0614,68.5869,69.0291,68.5104,66.1934,83.6788,101.222,560.8668,383.43796
19.95,66.378,65.0958,65.7819,77.4498,72.4863,72.9537,61.2425,67.7578,67.2991,66.0728,69.4008,95.3638,561.26872,383.71428
20.0,69.3567,65.9479,66.3719,66.2503,73.0427,71.8307,71.7877,69.0545,68.0472,67.8742,67.107,90.7822,561.66436,383.99688
20.05,64.538,65.7955,66.0604,68.4099,73.2138,71.2547,64.8011,68.3487,67.5062,66.4007,66.3399,86.7186,562.06628,384.27948
20.1,65.7361,66.1752,66.0005,67.1506,71.558,70.5648,65.1807,66.3198,67.1186,70.1277,67.3338,83.9535,562.4682,384.56208
20.15,64.0266,66.0071,65.6658,74.6438,70.7809,71.2389,70.5358,66.7096,67.6881,66.466,67.3883,81.0389,562.86384,384.8384
20.2,71.1012,66.9517,66.5659,64.4814,68.1872,70.1068,66.2079,67.7026,67.4414,66.8872,67.5512,78.6803,563.26576,385.121
20.25,69.9002,67.0604,67.1147,68.5886,68.6549,69.8469,69.1854,67.1822,67.7321,64.0079,66.7779,76.2349,563.66768,385.52292
20.3,63.3523,66.8233,66.4808,66.2291,68.2187,69.2371,68.2965,67.8812,67.8261,65.3004,66.5578,74.4125,564.0696,385.92484
20.35,65.0978,66.6956,66.2435,68.7851,68.5456,69.1549,74.8259,69.8103,68.9928,878.2903,228.1904,208.3921,564.47152,386.32048
20.4,69.6003,67.8104,66.7971,64.6658,66.55,68.401,65.4965,68.8024,68.4101,972.63,409.4232,335.7651,564.86716,386.60308
20.45,63.3756,66.2652,66.221,70.4482,67.7434,68.7363,66.3511,68.8311,68.0669,1022.821,600.6099,450.2744,565.26908,386.88568
20.5,70.0721,66.2996,66.857,69.358,67.8973,68.8341,65.6572,68.1254,67.6653,1149.374,817.6831,566.791,565.671,387.16828
20.55,66.7779,66.9847,66.8381,65.5881,67.7691,68.2873,67.6682,67.9998,67.6658,1154.8002,1035.5831,664.7925,566.07292,387.4446
20.6,68.1672,67.5986,67.0538,60.068,66.0256,66.9116,61.7466,65.3839,66.6792,1105.7769,1081.0804,738.2899,566.46856,387.7272
20.65,68.2132,67.3212,67.2412,72.7069,67.6338,67.8716,68.0534,65.8953,66.9083,952.3094,1077.0163,773.9598,566.87048,388.0098
20.7,68.3004,68.3062,67.4119,61.8988,65.9239,66.8704,69.7571,66.5765,67.3831,689.5573,1010.3636,759.8928,567.2724,388.28612
20.75,68.5311,67.998,67.5926,73.639,66.7802,67.9926,64.113,66.2677,66.8381,735.2648,927.5417,755.7881,567.67432,388.56872
20.8,71.2277,68.8879,68.1926,65.8599,66.8345,67.6313,65.3466,65.8033,66.5895,898.433,876.2683,779.5623,568.07624,388.85132
20.85,59.9775,67.25,66.8176,70.1289,68.8467,68.0418,69.0747,67.269,67.0037,976.5525,850.4234,812.394,568.47188,389.13392
20.9,69.4188,67.4911,67.2454,69.0261,68.1105,68.2,65.4802,66.7543,66.7498,1065.7397,873.1095,854.6183,568.8738,389.41024
20.95,64.2138,66.6738,66.7343,64.3469,68.6002,67.552,73.2761,67.4581,67.8375,1116.0667,958.4114,898.193,569.27572,389.69284
21.0,72.6903,67.5056,67.7211,65.9387,67.0601,67.2773,70.7698,68.7895,68.3262,1143.8349,1040.1254,939.1333,569.67764,389.97544
21.05,71.0915,67.4784,68.2771,62.5494,66.398,66.4836,64.2068,68.5615,67.6397,1131.1746,1086.6737,971.1402,570.07328,390.25176
21.1,68.0464,69.0921,68.2328,67.7405,65.9203,66.6872,68.359,68.4184,67.7596,1042.0424,1099.7717,982.9572,570.4752,390.53436
21.15,66.3958,68.4876,67.9208,65.955,65.3061,66.5593,71.7063,69.6636,68.4173,952.5548,1077.1347,977.8902,570.87712,390.81696
21.2,66.6391,68.9726,67.7013,66.6595,65.7686,66.5702,67.7498,68.5584,68.3061,1043.4933,1062.62,988.824,571.27904,391.09956
21.25,73.7151,69.1776,68.6979,68.6109,66.3031,66.9046,71.8309,68.7706,68.8936,1086.8606,1051.2251,1005.1634,571.67468,391.37588
21.3,71.4831,69.2559,69.1562,69.7947,67.7521,67.3804,61.2738,68.184,67.6236,1159.8252,1056.9553,1030.9404,572.0766,391.65848
21.35,69.4857,69.5438,69.2053,69.2666,68.0573,67.6889,67.3989,67.9919,67.5861,1102.7043,1069.0876,1042.901,572.47852,391.94108
21.4,66.7919,69.623,68.7973,68.3774,68.5418,67.7979,71.7268,67.996,68.2763,955.3904,1069.6548,1028.3159,572.88044,392.2174
21.45,65.9749,69.4901,68.321,68.2768,68.8653,67.8718,70.8576,68.6176,68.7065,610.4796,983.052,958.6765,573.28236,392.5
21.5,63.4891,67.4449,67.5099,58.3717,66.8174,66.2827,186.1832,91.4881,88.2859,508.0232,867.2845,883.5676,573.678,392.7826
21.55,63.2607,65.8005,66.7959,73.7917,67.6168,67.5283,194.697,118.1727,106.0211,521.0684,739.5332,823.1511,573.9606,393.18452
21.6,64.5549,64.8143,66.4166,72.7566,68.3148,68.3939,188.9239,142.4777,119.8382,476.4798,614.2883,765.3726,574.2432,393.58016
21.65,64.3185,64.3196,66.061,64.5028,67.5399,67.7396,164.92,161.1163,127.3519,478.0576,518.8217,717.4867,574.5258,393.98208
21.7,68.3075,64.7861,66.4297,90.5893,72.0024,71.5421,158.6631,178.6774,132.5704,484.3993,493.6057,678.6388,574.80212,394.384
21.75,64.9496,65.0782,66.1771,114.163,83.1607,78.6397,154.5572,172.3522,136.2349,521.1086,496.2227,652.3838,575.08472,394.78592
21.8,71.9147,66.809,67.1276,130.8938,94.5811,87.3429,151.0048,163.6138,138.6965,551.4377,502.2966,635.5594,575.36732,395.18784
21.85,63.4841,66.5949,66.5203,84.7214,96.9741,86.906,154.6895,156.7669,141.362,584.1725,523.8352,626.995,575.56828,394.98688
21.9,66.2656,66.9843,66.4779,67.688,97.6111,83.703,147.8611,153.3552,142.4452,454.2765,519.0789,598.2086,575.76924,394.78592
21.95,62.4041,65.8036,65.7989,70.7555,93.6443,81.5451,138.6367,149.3499,141.8105,64.2652,435.0521,509.218,575.9702,394.58496
22.0,69.088,66.6313,66.3471,67.2364,84.259,79.1603,122.5175,142.9419,138.595,62.5382,343.338,434.7714,576.17116,394.384
22.05,72.023,66.653,67.2873,69.5905,71.9983,77.5595,144.9696,141.7349,139.6574,69.4962,246.9497,373.8922,576.44748,394.78592
22.1,64.9041,66.937,66.8843,68.7351,68.8011,76.083,171.1713,145.0312,144.9097,59.8902,142.0933,321.5585,576.73008,395.18156
22.15,64.5949,66.6028,66.4969,64.1333,68.0901,74.0855,196.2326,154.7055,153.4635,343.7272,119.9834,325.2533,577.01268,395.58348
22.2,72.1097,68.5439,67.4265,62.5608,66.4512,72.1589,137.3928,154.4568,150.7851,355.9013,178.3106,330.3613,577.289,395.9854
22.25,70.4995,68.8262,67.9329,67.5469,66.5133,71.3844,218.0121,173.5557,161.9896,389.3641,243.6758,340.1951,577.5716,396.38732
22.3,58.6663,66.1549,66.3826,66.2446,65.8441,70.522,121.4448,168.8507,155.2321,414.5596,312.6885,352.5892,577.8542,396.78296
22.35,69.4761,67.0693,66.8924,67.8658,65.6703,70.0735,68.4055,148.2976,140.761,468.9701,394.5044,371.986,578.13052,397.18488
22.4,69.1247,67.9752,67.2586,66.8516,66.2139,69.5307,68.4499,122.741,128.7092,561.2692,438.0129,403.5332,578.41312,397.5868
22.45,65.215,66.5963,66.9122,69.9585,67.6935,69.5961,67.1272,108.6879,118.4455,664.8408,499.8008,447.0845,578.69572,397.98872
22.5,68.1043,66.1173,67.105,64.2772,67.0395,68.7038,70.0746,79.1004,110.3837,662.3086,554.3897,482.9552,578.97832,398.39064
22.55,67.2151,67.827,67.1176,63.4421,66.479,67.8211,69.0985,68.6311,103.5028,919.6276,655.4033,555.7339,579.25464,398.78628
22.6,59.5415,65.8401,65.8491,62.9525,65.4964,67.0038,65.9448,68.139,97.2432,802.8933,722.1879,596.9271,579.53724,399.1882
22.65,65.1829,65.0517,65.7322,69.9853,66.1231,67.4949,67.1399,67.877,92.226,682.6567,746.4654,611.2154,579.81984,399.59012
22.7,66.1775,65.2442,65.8006,92.8012,70.6917,71.7068,69.4686,68.3453,88.4331,505.9529,714.6878,593.6716,580.09616,399.99204
22.75,69.1303,65.4494,66.3498,111.4664,80.1295,78.3276,67.4455,67.8195,84.9351,517.7814,685.7824,581.0233,580.37876,400.38768
22.8,67.7249,65.5514,66.5731,109.928,89.4267,83.5885,68.1929,67.6383,82.1448,499.9399,601.8448,567.5094,580.66136,400.7896
22.85,65.7001,66.7831,66.4276,70.2877,90.8937,81.3717,69.5073,68.3508,80.0385,839.36,609.1382,612.8178,580.86232,400.58864
22.9,66.4564,67.0378,66.4324,63.5029,89.5972,78.3936,69.0914,68.7411,78.214,1126.8757,697.982,698.4941,581.06328,400.38768
22.95,70.8412,67.9706,67.1614,66.6085,84.3587,76.4235,64.5358,67.7546,75.9343,1136.8814,824.1677,771.5587,581.4652,400.67028
23.0,70.1118,68.1669,67.6473,68.7471,75.8148,75.1383,67.441,67.7537,74.5187,1129.7466,946.5607,831.2567,581.86084,400.95288
23.05,65.5374,67.7294,67.2899,66.3826,67.1057,73.6732,69.7915,68.0734,73.7309,1045.3065,1055.634,866.9316,582.26276,401.2292
23.1,56.6698,65.9233,65.514,74.4101,67.9302,73.7902,66.8069,67.5333,72.5769,928.9616,1073.5544,877.27,582.66468,401.5118
23.15,64.6805,65.5681,65.3692,64.0769,68.045,72.1655,63.6943,66.4539,71.0964,1061.8455,1060.5483,908.0326,583.0666,401.7944
23.2,62.2238,63.8447,64.8392,69.5272,68.6288,71.72,68.6997,67.2867,70.697,1103.0782,1053.7877,940.5402,583.46224,402.077
23.25,70.417,63.9057,65.763,67.0507,68.2895,70.936,67.2046,67.2394,70.1149,895.9425,1007.0269,933.1072,583.86416,402.35332
23.3,66.9756,64.1933,65.9593,68.7712,68.7672,70.5693,67.4163,66.7644,69.6652,654.8786,928.9413,886.7358,584.26608,402.63592
23.35,63.1317,65.4857,65.4822,68.8351,67.6522,70.2744,63.4387,66.0907,68.6274,515.3579,846.2205,824.8395,584.668,402.91852
23.4,63.3566,65.2209,65.1221,68.3499,68.5068,69.9479,68.9822,67.1483,68.6865,449.2056,723.6926,762.2338,585.06992,403.19484
23.45,66.8189,66.1399,65.3991,67.1808,68.0375,69.4809,69.4398,67.2963,68.8121,365.3163,576.1402,696.0809,585.46556,403.47744
23.5,65.1105,65.0786,65.3452,62.2384,67.0751,68.268,67.0686,67.2691,68.5215,325.8769,462.1271,634.3802,585.86748,403.76004
23.55,68.862,65.4559,65.9255,62.157,65.7522,67.2436,69.1789,67.6216,68.6311,262.2386,383.5991,572.3566,586.2694,404.04264
23.6,63.1631,65.4622,65.4593,65.0954,65.0043,66.8798,69.2368,68.7813,68.732,212.9567,323.1188,512.4566,586.67132,404.31896
23.65,65.2744,65.8458,65.4226,71.9019,65.7147,67.711,62.9742,67.5797,67.7724,172.9565,267.869,455.8733,587.07324,404.60156
23.7,68.5896,66.1999,65.9446,66.6674,65.612,67.5312,136.3664,80.965,79.2047,69.2754,208.6608,391.4403,587.46888,404.88416
23.75,65.1613,66.2101,65.8082,72.1495,67.5942,68.2951,156.7651,98.9043,92.1314,68.0901,157.1035,337.5486,587.8708,405.16676
23.8,68.0737,66.0524,66.18,62.3574,67.6343,67.2997,248.5356,134.7756,118.1988,71.135,118.8827,293.1463,588.1534,405.5624
23.85,71.9658,67.813,67.1385,70.2619,68.6676,67.7876,403.0171,201.5317,165.6685,64.5686,89.2051,255.0501,588.436,405.96432
23.9,63.7147,67.501,66.5621,64.5109,67.1894,67.2357,1322.9956,453.536,358.5564,70.3595,68.6857,224.2683,588.71232,406.36624
23.95,65.4977,66.8826,66.3788,71.5633,68.1686,67.9511,1036.1885,633.5004,471.4951,62.7423,67.3791,197.3473,588.99492,406.76816
24.0,68.5878,67.5679,66.7412,67.1254,67.1638,67.8077,225.1489,647.1772,430.4374,67.8441,67.3299,175.7634,589.27752,407.1638
24.05,65.5603,67.0653,66.5386,62.2005,67.1324,66.8673,112.4956,619.9692,377.4471,65.7863,66.2602,157.4339,589.55384,407.56572
24.1,67.5951,66.1911,66.7088,71.8874,67.4575,67.6982,66.2057,552.6069,325.5735,70.2403,67.3945,142.9017,589.83644,407.96764
24.15,62.8887,66.0259,66.0663,65.9114,67.7376,67.3945,65.7005,301.1479,282.2614,64.6959,66.2618,129.8674,590.11904,408.36956
24.2,66.4856,66.2235,66.1303,72.1482,67.8546,68.1809,60.1669,105.9435,245.2456,65.1621,66.7458,119.0832,590.40164,408.77148
24.25,69.9441,66.4948,66.7602,70.505,68.5305,68.5625,64.0206,73.7179,215.0415,68.2247,66.8219,110.6067,590.67796,409.16712
24.3,69.2215,67.227,67.1646,65.6472,69.2198,68.0708,69.7756,65.1739,190.8305,67.7546,67.2155,103.4647,590.96056,409.56904
24.35,71.5994,68.0278,67.8979,86.7799,72.1983,71.1831,65.1717,64.9671,169.8873,69.4812,67.0637,97.8008,591.24316,409.97096
24.4,71.9494,69.84,68.5673,113.7666,81.7694,78.2746,65.243,64.8756,152.4466,64.7352,67.0716,92.2899,591.51948,410.37288
24.45,69.5194,70.4467,68.7202,123.4055,92.0208,85.7906,59.8691,64.816,137.017,63.3081,66.7008,87.4596,591.80208,410.76852
24.5,66.2823,69.7144,68.3138,121.0773,102.1353,91.6717,69.7706,65.966,125.8093,67.5812,66.5721,84.1465,592.00304,410.57384
24.55,66.4181,69.1537,67.9979,111.0733,111.2205,94.9053,67.1598,65.4428,116.0344,65.4135,66.1038,81.0243,592.204,410.37288
24.6,70.0401,68.8418,68.3382,104.1684,114.6982,96.4491,58.7731,64.1631,106.4908,66.2844,65.4645,78.5677,592.40496,410.17192
24.65,72.9677,69.0455,69.1098,66.8351,105.3119,91.5134,71.1934,65.3532,100.6079,68.1212,66.1417,76.8266,592.60592,409.97096
24.7,64.572,68.056,68.3535,68.5639,94.3436,87.6885,68.0454,66.9885,95.1808,86.944,70.8689,78.5129,592.80688,409.77
24.75,71.6313,69.1258,68.8998,66.6453,83.4572,84.1813,75.4976,68.1338,91.9003,106.7261,78.6979,83.2151,593.00784,409.56904
24.8,66.1436,69.0709,68.4404,65.2952,74.3016,81.0336,90.3376,72.7694,91.6399,108.0588,87.2269,87.3557,593.2088,409.36808
24.85,64.1929,67.9015,67.7325,69.8222,67.4323,79.1651,96.5659,80.328,92.4609,123.4375,98.6575,93.3693,593.40976,409.16712
24.9,64.7155,66.251,67.2238,66.9909,67.4635,77.1302,95.3776,85.1648,92.947,114.5478,107.9429,96.8991,593.69236,409.56904
24.95,66.9476,66.7262,67.172,62.0169,66.1541,74.6055,81.5211,87.8599,91.0427,116.8751,113.9291,100.2284,593.96868,409.97096
25.0,69.223,66.2445,67.508,68.1068,66.4464,73.5166,79.369,88.6342,89.097,121.3952,116.8629,103.7562,594.25128,410.3666
25.05,74.9676,68.0093,68.7454,71.5152,67.6904,73.1772,77.3575,86.0382,87.1405,134.8685,122.2248,108.9416,594.53388,410.76852
25.1,66.558,68.4823,68.3751,75.0316,68.7323,73.4805,80.6513,82.8553,86.0589,128.7914,123.2956,112.2499,594.8102,411.17044
25.15,71.3964,69.8185,68.8728,68.2897,68.992,72.6095,76.8868,79.1571,84.5302,133.6005,127.1061,115.8083,595.0928,411.56608
25.2,63.9376,69.2165,68.0445,64.2099,69.4306,71.2037,64.5548,75.7639,81.201,137.7726,131.2856,119.469,595.3754,411.968
25.25,65.7884,68.5296,67.6626,69.3325,69.6758,70.886,70.7021,74.0305,79.4512,131.7829,133.3632,121.5213,595.658,412.36992
25.3,70.8604,67.7082,68.1898,66.7805,68.7288,70.196,69.3858,72.4362,77.7736,153.5524,137.0999,126.8598,596.05364,412.65252
25.35,58.4388,66.0843,66.5588,66.6276,67.048,69.5955,66.4955,69.605,75.8939,169.0768,145.157,133.896,596.45556,412.92884
25.4,64.8151,64.7681,66.2623,68.0416,66.9984,69.3306,73.5675,68.9411,75.5062,179.0194,154.2408,141.4166,596.85748,413.21144
25.45,68.5422,65.689,66.6365,69.1178,67.98,69.2893,67.1369,69.4576,74.1113,190.3254,164.7514,149.568,597.2594,413.49404
25.5,70.2311,66.5775,67.2297,61.2973,66.373,67.9515,70.4353,69.4042,73.4986,200.3724,178.4693,158.0354,597.66132,413.77664
25.55,65.9571,65.5969,67.0119,60.5597,65.1288,66.7138,73.0813,70.1433,73.4291,201.474,188.0536,165.2752,598.05696,414.05296
25.6,63.3542,66.5799,66.3964,64.7328,64.7498,66.3778,69.799,70.804,72.8241,189.2745,192.0932,169.2751,598.45888,414.33556
25.65,65.5569,66.7283,66.2507,65.6853,64.2786,66.2565,68.6671,69.8239,72.1312,190.9907,194.4874,172.8944,598.8608,414.61816
25.7,83.0809,69.636,69.0499,70.9638,64.6478,67.0353,61.6821,68.7329,70.3897,180.1265,192.4476,174.0997,599.26272,414.89448
25.75,104.0624,76.4023,74.8795,68.2702,66.0424,67.2353,63.2794,67.3018,69.2047,182.0704,188.7872,175.4281,599.65836,415.17708
25.8,116.3879,86.4884,81.7917,69.5094,67.8323,67.6085,70.2108,66.7277,69.3724,160.9314,180.6787,173.012,600.06028,415.45968
25.85,106.9822,95.214,85.9901,68.6401,68.6138,67.7804,67.8821,66.3443,69.124,145.6688,171.9575,168.4548,600.26124,415.25872
25.9,66.0884,95.3203,82.6732,63.0442,68.0855,66.991,63.5218,65.3152,68.1903,126.2689,159.0132,161.4238,600.4622,415.05776
25.95,63.8761,91.4794,79.5403,110.1482,75.9224,74.1839,65.8433,66.1475,67.7991,111.8076,145.3494,153.1545,600.66316,414.8568
26.0,74.4533,85.5576,78.6866,73.8115,77.0307,74.116,61.9986,65.8913,66.8324,110.7012,131.0756,146.0789,601.06508,415.1394
26.05,91.1475,80.5095,80.7576,70.6395,77.2567,73.5307,65.0688,64.8629,66.5384,113.738,121.6369,140.6888,601.467,415.422
26.1,66.9974,72.5125,78.4642,189.5201,101.4327,92.8623,68.2603,64.9386,66.8254,88.2142,110.146,131.943,601.66796,415.22104
26.15,66.3915,72.5732,76.4522,152.4108,119.306,102.7871,64.7497,65.1841,66.4795,66.3396,98.1601,121.0091,601.86264,415.02008
26.2,70.7537,73.9487,75.5024,129.5906,123.1945,107.2543,68.0239,65.6203,66.7369,64.9199,88.7826,111.6609,602.0636,414.81912
26.25,67.7091,72.5998,74.2035,111.2002,130.6722,107.912,68.8085,66.9822,67.0821,63.4758,79.3375,103.63,602.26456,414.61816
26.3,67.8882,67.948,73.151,70.9015,130.7246,101.7436,66.4207,67.2526,66.9719,68.0145,70.1928,97.6941,602.46552,414.4172
26.35,68.8093,68.3104,72.4274,67.1827,106.2571,95.9834,65.1679,66.6341,66.6712,70.837,66.7173,93.2179,602.66648,414.21624
26.4,66.8548,68.403,71.4986,68.5036,89.4757,91.4034,72.9118,68.2666,67.7113,69.3617,67.3218,89.2419,602.86744,414.01528
26.45,66.5663,67.5655,70.6766,65.7184,76.7013,87.1226,70.0294,68.6677,68.0977,65.5321,67.4442,85.2903,603.0684,413.81432
26.5,65.963,67.2163,69.891,67.88,68.0372,83.9155,68.6998,68.6459,68.198,72.6154,69.2721,83.1778,603.26936,413.61336
26.55,65.6636,66.7714,69.1864,67.6772,67.3924,81.2091,67.663,68.8944,68.1089,98.8858,75.4464,85.7958,603.47032,413.4124
26.6,63.1232,65.6342,68.1759,69.1589,67.7876,79.2007,63.427,68.5462,67.3285,189.7911,99.2372,103.1283,603.67128,413.21144
26.65,65.7199,65.4072,67.7607,64.1509,66.9171,76.6866,63.8005,66.7239,66.7405,189.8775,123.3404,117.5865,604.0732,413.49404
26.7,64.5649,65.0069,67.2223,72.4482,68.263,75.9744,66.1843,65.9549,66.6478,181.1546,146.4649,128.1812,604.47512,413.77036
26.75,65.8081,64.976,66.9808,68.1647,68.32,74.667,69.9843,66.2118,67.2039,165.7518,165.0922,134.443,604.87076,414.05296
26.8,70.2847,65.9002,67.5256,70.1799,68.8205,73.9133,65.2292,65.7251,66.8748,149.832,175.2814,137.0078,605.27268,414.33556
26.85,64.6863,66.2128,67.0465,61.5029,67.2893,71.839,68.474,66.7345,67.1413,134.207,164.1646,136.541,605.6746,414.61816
26.9,69.7243,67.0137,67.487,62.2702,66.9132,70.2385,62.2325,66.4209,66.3232,114.4186,149.0728,132.8539,606.07652,414.89448
26.95,64.9121,67.0831,67.052,67.4035,65.9043,69.7601,63.6095,65.9059,65.8709,67.446,126.3311,121.9526,606.47844,415.17708
27.0,69.0635,67.7342,67.3815,68.4756,65.9664,69.5402,68.6163,65.6323,66.3285,65.0548,106.1917,112.4696,606.87408,415.45968
27.05,65.6053,66.7983,67.0797,68.9442,65.7193,69.4351,71.176,66.8216,67.1364,67.4079,89.7068,104.9593,607.276,415.736
27.1,103.8135,74.6237,73.1961,67.5088,66.9205,69.1082,68.3152,66.7899,67.3329,72.2075,77.3069,99.5007,607.67792,416.0186
27.15,124.0155,85.482,81.6602,65.9642,67.6593,68.5784,64.8482,67.313,66.9187,67.9318,68.0096,94.2392,608.07984,416.3012
27.2,149.5078,102.4011,92.9681,67.8565,67.7499,68.4581,69.8528,68.5617,67.4078,63.7223,67.2649,89.1531,608.2808,416.10024
27.25,208.461,130.2806,112.2169,71.5382,68.3624,68.9714,63.9081,67.6201,66.8245,67.1101,67.6759,85.4792,608.48176,415.89928
27.3,217.6123,160.682,129.7828,61.353,66.8442,67.7017,62.8219,65.9492,66.1574,67.9829,67.7909,82.5632,608.68272,415.69832
27.35,69.3924,153.7978,119.7177,115.0652,76.3554,75.5956,63.4793,64.9821,65.711,68.4264,67.0347,80.2071,608.88368,415.49736
27.4,61.2611,141.2469,109.975,149.0441,92.9714,87.837,63.2082,64.6541,65.2939,69.9179,67.4319,78.4922,609.08464,415.2964
27.45,69.1185,125.1691,103.1656,188.3256,117.0652,104.5852,62.437,63.1709,64.8177,69.5081,68.5891,76.9949,609.27932,415.09544
27.5,65.2171,96.5203,96.8409,220.7069,146.899,123.9388,69.9992,64.3891,65.6813,67.3102,68.6291,75.3807,609.48028,414.89448
27.55,66.4519,66.2882,91.776,136.386,161.9056,126.0133,60.0994,63.8446,64.751,60.4254,67.1176,72.8882,609.68124,414.69352
27.6,66.647,65.7391,87.5879,97.3323,158.359,121.2332,69.3008,65.0089,65.5093,66.093,66.6509,71.7557,609.8822,414.49256
27.65,67.0316,66.8932,84.1618,70.9551,142.7412,112.8535,70.8454,66.5364,66.3986,70.4509,66.7575,71.5382,610.08316,414.2916
27.7,65.6899,66.2075,81.0832,72.5076,119.5776,106.1292,70.4335,68.1357,67.0711,64.2193,65.6998,70.3184,610.28412,414.09064
27.75,65.1331,66.1907,78.4248,63.6747,88.1711,99.0534,67.8961,67.715,67.2086,70.3882,66.3154,70.33,610.48508,413.88968
27.8,65.8585,66.072,76.3304,67.8661,74.4672,93.8555,66.6305,69.0213,67.1123,69.4781,68.1259,70.188,610.68604,413.68872
27.85,64.0168,65.546,74.2782,65.4313,68.0869,89.1181,67.4522,68.6516,67.1689,102.6267,75.4326,75.5945,610.887,413.48776
27.9,60.6017,64.26,71.9987,69.2109,67.7381,85.8003,75.999,69.6823,68.6406,124.2627,86.195,83.7058,611.08796,413.2868
27.95,66.1705,64.3561,71.0274,63.0403,65.8447,82.007,65.9532,68.7862,68.1927,162.8317,105.9175,96.8935,611.28892,413.08584
28.0,69.0959,65.1487,70.7055,60.5131,65.2123,78.4247,76.2517,70.4573,69.5359,195.8459,131.009,113.3855,611.48988,412.88488
28.05,69.9433,65.9656,70.5726,70.3348,65.7061,77.0705,65.4757,70.2264,68.8592,194.5105,156.0155,126.9064,611.8918,413.16748
28.1,64.3041,66.0231,69.522,70.6548,66.7508,75.9954,65.3479,69.8055,68.274,190.6556,173.6213,137.5312,612.29372,413.45008
28.15,73.3278,68.5683,70.1505,69.6977,66.8482,74.94,70.8738,68.7805,68.7073,189.5923,186.6872,146.2081,612.68936,413.73268
28.2,66.3982,68.6139,69.5193,68.1103,67.8621,73.7959,70.5173,69.6933,69.009,103.3859,174.798,139.0711,613.09128,414.009
28.25,67.4712,68.2889,69.1721,70.5988,69.8793,73.2572,63.2018,67.0833,68.0411,74.2624,150.4813,128.2696,613.4932,414.2916
28.3,68.1899,67.9382,69.0026,71.3909,70.0905,72.9403,66.1908,67.2263,67.7327,63.8302,124.3453,117.5297,613.89512,414.5742
28.35,66.4876,68.3749,68.5776,62.5538,68.4703,71.2034,67.5763,67.672,67.7066,67.3026,99.6747,109.1585,614.29704,414.8568
28.4,66.3506,66.9795,68.2007,66.8152,67.8938,70.4663,62.0149,65.9002,66.758,65.9999,74.9562,101.9654,614.69268,415.13312
28.45,72.3016,68.1602,68.8783,70.613,68.3943,70.4849,62.1451,64.2258,65.9892,61.8148,66.642,95.2737,615.0946,415.41572
28.5,99.1676,74.4995,73.9207,64.8815,67.2509,69.5451,68.9112,65.3677,66.4762,68.4716,65.4838,90.8067,615.49652,415.69832
28.55,109.9088,82.8432,79.9129,65.5446,66.0816,68.8726,66.0893,65.3474,66.4117,73.0808,67.334,87.8523,615.89844,415.97464
28.6,135.5952,96.6648,89.1875,105.7045,74.7118,75.0054,66.2195,65.076,66.3797,64.5727,66.788,83.9724,616.29408,416.25724
28.65,128.0973,109.0141,95.6725,114.0066,84.15,81.5056,65.8602,65.8451,66.2931,66.5672,66.9014,81.0715,616.49504,416.05628
28.7,102.2572,115.0052,96.7699,137.8553,97.5985,90.8973,60.2862,65.4733,65.292,68.4865,68.2357,78.974,616.696,415.85532
28.75,114.6529,118.1023,99.7504,142.7136,113.1649,99.5333,65.7588,64.8428,65.3698,67.2023,67.9819,77.0121,616.89696,415.65436
28.8,78.2996,111.7805,96.1753,137.9515,127.6463,105.9364,68.0139,65.2277,65.8105,64.5664,66.279,74.9378,617.09792,415.4534
28.85,60.2691,96.7152,90.1909,138.8348,134.2724,111.4194,66.6077,65.3054,65.9433,66.2988,66.6242,73.498,617.29888,415.25244
28.9,66.8144,84.4587,86.2948,127.8197,137.035,114.1528,67.166,65.5665,66.1471,66.4726,66.6053,72.3271,617.49984,415.05148
28.95,67.2666,77.4605,83.1235,111.3252,131.729,113.6815,70.4917,67.6076,66.8712,71.5362,67.2153,72.1952,617.7008,414.85052
29.0,62.8886,67.1077,79.751,90.8744,121.3611,109.8803,68.9133,68.2385,67.2116,70.0307,67.7809,71.8345,617.90176,414.64956
29.05,73.5331,66.1544,78.7146,66.7095,107.1127,102.6852,65.2766,67.6911,66.8891,101.7057,75.2088,76.813,618.10272,414.45488
29.1,65.6524,67.231,76.5376,70.0056,93.3469,97.2386,69.1578,68.2011,67.2672,117.5822,85.4655,83.6079,618.30368,414.25392
29.15,63.0432,66.4768,74.2885,68.862,81.5553,92.5091,66.4465,68.0572,67.1304,112.8275,94.7364,88.4778,618.50464,414.05296
29.2,71.8887,67.4012,73.8886,68.6159,73.0135,88.5269,69.9519,67.9492,67.6007,134.4372,107.3166,96.1377,618.7056,413.852
29.25,68.449,68.5133,72.982,68.3141,68.5014,85.1581,71.3547,68.4375,68.2263,129.3289,119.1763,101.6696,618.90656,413.65104
29.3,68.4283,67.4923,72.223,66.0563,68.3708,81.9745,70.8438,69.551,68.6626,132.5849,125.3521,106.8221,619.10752,413.45008
29.35,73.201,69.0021,72.386,66.616,67.6928,79.4147,73.4299,70.4054,69.4571,141.2295,130.0816,112.5567,619.30848,413.24912
29.4,70.7808,70.5496,72.1127,66.6574,67.2519,77.2827,62.1335,69.5428,68.2365,138.7268,135.2614,116.9184,619.7104,413.52544
29.45,63.8629,68.9444,70.7319,67.6196,67.0527,75.6663,67.8572,69.1238,68.1733,123.679,133.1098,118.0451,620.11232,413.80804
29.5,70.007,69.256,70.6053,65.9639,66.5826,74.0435,67.7305,68.399,68.0995,125.9278,132.4296,119.3589,620.50796,414.09064
29.55,70.3688,69.6441,70.56,67.6668,66.9047,72.9749,61.9286,66.6159,67.071,120.8296,130.0785,119.604,620.90988,414.37324
29.6,66.555,68.3149,69.8867,63.0775,66.1971,71.3195,62.9731,64.5246,66.388,111.3339,124.0994,118.2257,621.3118,414.64956
29.65,86.7694,71.5126,72.6947,62.987,65.463,69.9249,71.175,66.3329,67.1859,114.005,119.155,117.5222,621.71372,414.93216
29.7,114.3958,81.6192,79.6391,64.2295,64.785,68.9699,64.5676,65.675,66.7495,100.9512,114.6095,114.7604,622.10936,415.21476
29.75,133.0193,94.2217,88.5299,66.1387,64.8199,68.4922,62.2078,64.5704,65.9926,100.0194,109.4278,112.3035,622.51128,415.49736
29.8,106.9751,101.5429,91.6041,81.6429,67.6151,70.684,66.6188,65.5085,66.0969,83.0634,101.8746,107.4302,622.71224,415.2964
29.85,67.5946,101.7509,87.6025,183.0489,91.6094,89.4115,65.1831,65.9505,65.9446,67.5303,93.1138,100.7802,622.9132,415.09544
29.9,64.8775,97.3725,83.815,165.1301,112.038,102.0312,72.0955,66.1346,66.9698,71.0184,84.5165,95.8199,623.11416,414.89448
29.95,69.8874,88.4708,81.4938,135.4596,126.284,107.6026,63.5124,65.9235,66.3936,69.698,78.2659,91.4662,623.31512,414.69352
30.0,65.917,75.0503,78.8976,114.1335,135.883,108.6911,66.7488,66.8317,66.4528,61.7009,70.6022,86.5053,623.51608,414.49256
30.05,65.4714,66.7496,76.6599,67.5247,133.0594,101.83,70.1472,67.5374,67.0685,68.7671,67.7429,83.549,623.71704,414.2916
30.1,68.0373,66.8381,75.2228,67.7229,109.9942,96.1455,67.6874,68.0383,67.1716,70.1126,68.2594,81.3096,623.918,414.09064
30.15,72.4133,68.3453,74.7545,62.4262,89.4534,90.5256,62.6155,66.1423,66.4123,62.9603,66.6478,78.2514,624.12524,413.88968
30.2,66.8373,67.7353,73.435,69.5858,76.2786,87.0357,67.9589,67.0315,66.67,69.5416,66.6165,76.7997,624.31992,413.68872
30.25,68.2788,68.2076,72.5757,63.2312,66.0982,83.0683,71.8359,68.049,67.531,72.7389,68.8241,76.1229,624.52088,413.48776
30.3,63.5841,67.8302,71.0771,67.3099,66.0552,80.4419,65.6161,67.1428,67.2119,63.4841,67.7675,74.0164,624.72184,413.2868
30.35,66.2764,67.478,70.277,69.3587,66.3824,78.5947,70.8555,67.7764,67.8192,180.0133,89.7476,91.6826,624.9228,413.08584
30.4,63.5708,65.7095,69.1534,67.5283,67.4028,76.7444,65.7371,68.4007,67.4721,183.2507,113.8057,106.944,625.32472,413.36844
30.45,64.7786,65.2977,68.4185,65.0158,66.4888,74.7839,71.4536,69.0996,68.1357,169.4123,133.7799,117.3554,625.72036,413.64476
30.5,69.1743,65.4768,68.5387,67.797,67.4019,73.6136,69.5745,68.6473,68.3755,161.0242,151.4369,124.6335,626.12228,413.92736
30.55,69.638,66.6876,68.716,69.8377,67.9075,72.9784,65.7902,68.6822,67.9446,148.9177,168.5237,128.6809,626.5242,414.20996
30.6,66.9014,66.8126,68.4078,68.9613,67.828,72.3031,75.0232,69.5157,69.1244,138.0399,160.129,130.2407,626.92612,414.49256
30.65,63.7894,66.8563,67.6323,64.1359,67.1496,70.9361,68.2201,70.0123,68.9737,134.7502,150.4289,130.9923,627.32176,414.76888
30.7,77.3209,69.3648,69.2412,64.3371,67.0138,69.8305,65.5659,68.8348,68.4057,66.4005,129.8265,120.227,627.72368,415.05148
30.75,67.4699,69.0239,68.9401,66.7583,66.8061,69.3126,65.1067,67.9412,67.8559,68.1486,111.2514,111.5473,628.1256,415.33408
30.8,65.5195,68.2002,68.3642,63.6541,65.5694,68.3637,70.6394,68.9111,68.3198,68.7804,95.224,104.4195,628.52752,415.6104
30.85,67.2987,68.2797,68.1808,73.509,66.4789,69.2154,71.6031,68.227,68.867,71.5453,81.925,98.9404,628.92944,415.893
30.9,103.5863,76.239,74.0759,67.8913,67.23,68.9889,66.2522,67.8335,68.4312,66.828,68.3406,93.5884,629.32508,416.1756
30.95,110.0477,82.7844,80.0654,65.3606,67.4347,68.3784,69.2807,68.5764,68.5728,65.977,68.2559,88.9865,629.727,416.4582
31.0,157.9013,100.8707,93.038,65.7144,67.2259,67.9344,66.2942,68.8139,68.193,64.1395,67.4541,84.8453,629.92796,416.25724
31.05,216.8358,131.134,113.671,61.4628,66.7876,66.8558,69.9369,68.6734,68.4837,65.5411,66.8062,81.628,630.12892,416.05628
31.1,258.5474,169.3837,137.8171,71.9593,66.4777,67.7064,65.6167,67.4761,68.0058,65.5452,65.6062,78.9475,630.32988,415.85532
31.15,293.2845,207.3233,163.7283,64.5715,65.8137,67.1839,62.0458,66.6348,67.0125,68.368,65.9142,77.1843,630.53084,415.65436
31.2,202.2645,225.7667,170.151,139.8998,80.7216,79.3032,66.4738,66.0735,66.9227,69.9181,66.7024,75.9732,630.7318,415.4534
31.25,66.8366,207.5538,152.9319,189.4191,105.4625,97.6558,70.3898,66.8926,67.5006,68.4498,67.5645,74.7193,630.93276,415.25244
31.3,68.5592,177.8985,138.8698,235.3865,140.2472,120.611,63.9589,65.697,66.9103,62.6116,66.9785,72.7014,631.13372,415.05148
31.35,66.7457,139.5381,126.8491,249.8275,175.8209,142.1471,66.7001,65.9137,66.8753,69.0605,67.6816,72.0946,631.33468,414.85052
31.4,68.4589,94.573,117.1174,259.0704,214.7207,161.6343,61.6518,65.8349,66.0047,72.4519,68.4984,72.1541,631.53564,414.64956
31.45,68.4622,67.8125,109.0082,256.5425,238.0492,177.4523,65.6802,65.6762,65.9506,68.2145,68.1577,71.4975,631.7366,414.4486
31.5,60.3468,66.5146,100.898,71.428,214.451,159.7816,70.1504,65.6283,66.6506,63.4068,67.1491,70.1491,631.93756,414.24764
31.55,64.6208,65.7269,94.8518,65.5419,180.4821,144.075,68.3107,66.4987,66.9273,67.9194,68.2106,69.7775,632.13852,414.04668
31.6,72.18,66.8138,91.0732,65.7815,143.6729,131.0261,66.3932,66.4373,66.8382,72.1443,68.8274,70.1719,632.33948,413.84572
31.65,67.8655,66.6951,87.2052,70.2746,105.9137,120.9008,66.8917,67.4853,66.8472,70.4242,68.4219,70.214,632.54044,413.64476
31.7,69.0883,66.8203,84.1857,69.4004,68.4853,112.3174,76.1574,69.5807,68.3989,135.1892,81.8168,81.0432,632.7414,413.4438
31.75,64.4534,67.6416,80.897,64.7825,67.1562,104.3949,69.1467,69.3799,68.5235,169.4807,103.0316,95.7828,632.94236,413.24284
31.8,68.6928,68.456,78.863,61.6341,66.3746,97.2681,77.3014,71.1781,69.9865,197.1471,128.8771,112.6768,633.14332,413.04188
31.85,64.59,66.938,76.4841,68.5596,66.9302,92.4834,86.9468,75.2888,72.8132,212.3373,156.9157,129.2869,633.34428,412.84092
31.9,66.4627,66.6574,74.814,68.9997,66.6753,88.5695,65.2597,74.9624,71.5543,238.5891,190.5487,147.5039,633.53896,412.63996
31.95,68.3652,66.5128,73.7392,68.249,66.445,85.1827,64.3595,72.6028,70.3551,67.2619,176.9632,134.1303,633.73992,412.439
32.0,69.4173,67.5056,73.0189,69.0225,67.293,82.4894,62.5183,71.2771,69.049,68.3398,156.735,123.1652,633.94088,412.23804
32.05,67.2606,67.2192,72.0591,64.8648,67.9391,79.5519,68.5922,69.5353,68.9729,66.0606,130.5177,113.6478,634.14184,412.03708
32.1,67.5472,67.8106,71.3013,69.2854,68.0843,77.835,63.0345,64.7528,67.9831,71.6799,102.3863,106.6531,634.54376,412.31968
32.15,63.0323,67.1245,69.9173,69.3272,68.1498,76.4112,67.9018,65.2812,67.9696,67.8676,68.242,100.1889,634.94568,412.60228
32.2,65.353,66.5221,69.1507,63.6076,67.2215,74.2714,68.4381,66.097,68.0477,62.205,67.2306,93.8582,635.3476,412.88488
32.25,65.1294,65.6645,68.4747,60.2612,65.4692,71.9306,69.1617,67.4257,68.2333,67.1339,66.9894,89.4042,635.74952,413.1612
32.3,67.8161,65.7756,68.3592,66.2997,65.7562,70.9863,69.4268,67.5926,68.4323,68.6737,67.512,85.9491,636.14516,413.4438
32.35,65.1766,65.3015,67.8229,65.5505,65.0092,70.0745,115.1473,78.0151,76.2181,66.6023,66.4965,82.7246,636.54708,413.7264
32.4,69.8473,66.6645,68.1544,67.9884,64.7415,69.721,114.1126,87.2573,82.5338,61.6869,65.2604,79.2183,636.949,414.009
32.45,70.0392,67.6017,68.4628,68.5936,65.7387,69.5273,112.0394,95.9776,87.4514,67.4028,66.2999,77.2491,637.2316,414.40464
32.5,68.4333,68.2625,68.4521,68.939,67.4743,69.4234,128.4622,107.8377,94.2866,71.3826,67.1497,76.2713,637.50792,414.80656
32.55,62.8889,67.2771,67.519,67.3073,67.6758,69.0649,139.7842,121.9091,101.8695,69.2713,67.2692,75.1047,637.79052,415.20848
32.6,70.999,68.4415,68.0932,88.0538,72.1764,72.2239,135.2928,125.9383,107.4401,63.8268,66.7141,73.225,638.07312,415.6104
32.65,104.0144,75.275,74.0743,107.2666,80.0321,78.0586,64.989,116.1135,100.3649,66.4715,67.671,72.0994,638.34944,416.00604
32.7,109.412,83.1495,79.9581,130.1833,92.35,86.7402,66.2714,106.9599,94.6826,71.9228,68.575,72.07,638.63204,416.40796
32.75,105.3081,90.5245,84.1831,133.494,105.261,94.5325,132.4457,107.7566,100.9765,71.2449,68.5474,71.9325,638.833,416.207
32.8,66.2001,91.1867,81.1859,140.2664,119.8528,102.1548,123.0909,104.418,104.6622,65.9913,67.8915,70.9423,639.03396,416.00604
32.85,71.1046,91.2078,79.5057,124.8592,127.2139,105.9389,111.3461,99.6286,105.7762,64.9502,68.1161,69.9436,639.23492,415.80508
32.9,62.8529,82.9755,76.7302,115.526,128.8658,107.5367,85.065,103.6438,102.3243,65.2886,67.8795,69.1678,639.43588,415.60412
32.95,64.3259,73.9583,74.6628,109.0359,124.6363,107.7866,63.1105,103.0116,95.7887,70.5419,67.6033,69.3968,639.63684,415.40316
33.0,63.318,65.5603,72.772,70.579,112.0533,101.5853,68.4087,90.2042,91.2254,83.533,70.061,71.7528,639.8378,415.2022
33.05,67.4114,65.8026,71.8786,62.1224,96.4245,95.0082,66.799,78.9459,87.1543,105.9616,78.055,77.4543,640.03876,415.00124
33.1,72.5294,66.0875,71.987,65.2401,84.5007,90.0468,67.9795,70.2725,83.9585,121.3685,89.3387,84.7733,640.23972,414.80656
33.15,65.5804,66.633,70.9192,67.1881,74.8331,86.237,65.9103,66.4416,80.9505,124.06,101.093,91.3211,640.44068,414.6056
33.2,66.9803,67.1639,70.2627,75.4794,68.1218,84.4441,62.2021,66.2599,77.8257,133.0744,113.5995,98.28,640.64164,414.40464
33.25,113.7807,77.2564,77.5157,63.6146,66.7289,80.9725,68.6349,66.3052,76.2939,132.5516,123.4032,103.9919,640.8426,414.20368
33.3,133.4191,90.458,86.833,64.354,67.1753,78.2027,58.4149,64.6283,73.3141,141.0723,130.4254,110.172,641.04356,414.00272
33.35,115.2709,99.0063,91.5726,66.4739,67.422,76.2479,72.0568,65.4438,73.1046,127.1547,131.5826,113.0024,641.24452,413.80176
33.4,103.4068,106.5716,93.545,63.8164,66.7477,74.176,69.4008,66.1419,72.4873,120.7481,130.9202,114.2934,641.44548,413.6008
33.45,66.9546,106.5664,89.1133,66.4076,64.9333,72.8813,65.7724,66.856,71.3681,111.5843,126.6222,113.8419,641.64644,413.39984
33.5,67.4903,97.3083,85.5094,143.6685,80.9441,84.6792,72.91,67.711,71.6251,82.842,116.6803,108.6752,641.8474,413.19888
33.55,62.7399,83.1725,81.7145,127.2361,93.5205,91.772,63.8059,68.7892,70.3219,63.371,101.14,101.1245,642.04836,412.99792
33.6,65.0186,73.122,78.9318,101.7292,100.5716,93.4315,66.6758,67.713,69.7142,68.2601,89.3611,95.6471,642.24932,412.79696
33.65,63.0379,65.0482,76.2829,76.3406,103.0764,90.5831,66.9354,67.2199,69.2511,69.2314,79.0577,91.2445,642.444,412.596
33.7,66.6454,64.9864,74.6767,68.8157,103.558,86.9552,69.0288,67.8712,69.214,60.5067,68.8422,86.1215,642.64496,412.39504
33.75,66.9961,64.8876,73.3966,67.8852,88.4014,83.7769,64.6263,66.2144,68.4494,68.6638,66.0066,83.2119,642.84592,412.19408
33.8,66.2014,65.5799,72.1973,63.0596,75.5661,80.3239,65.783,66.6099,68.005,66.4069,66.6138,80.4111,643.05316,411.99312
33.85,67.3233,66.0408,71.385,71.6621,69.5527,78.8804,67.9173,66.8582,67.9904,68.4047,66.6427,78.41,643.24784,411.79216
33.9,65.6577,66.5648,70.4236,66.7202,67.6286,76.8468,66.4861,66.7683,67.7397,69.3844,66.6733,76.9057,643.64976,412.19408
33.95,63.4604,65.9278,69.2562,63.5975,66.5849,74.6317,67.6297,66.4885,67.7214,67.0092,67.9738,75.2563,644.05168,412.596
34.0,63.0407,65.1367,68.2135,67.7697,66.5618,73.4812,67.1951,67.0022,67.6336,63.8513,67.0113,73.3555,644.4536,412.99164
34.05,68.7636,65.6491,68.2984,70.6816,68.0862,73.0078,69.0971,67.6651,67.8776,176.6652,89.063,90.5738,644.84924,413.39356
34.1,69.9536,66.1752,68.5684,62.8638,66.3266,71.3113,66.9986,67.4813,67.7311,176.8649,110.755,104.9556,645.25116,413.67616
34.15,65.3091,66.1055,68.0194,67.9851,66.5796,70.7511,61.6537,66.5148,66.7182,170.1929,130.9167,115.8285,645.65308,413.95248
34.2,68.6424,67.1419,68.1174,68.9383,67.6477,70.4432,70.9396,67.1768,67.4217,181.1868,153.7522,126.7215,646.055,414.23508
34.25,69.8597,68.5057,68.402,67.7131,67.6364,69.9824,72.9154,68.3209,68.3373,175.8279,176.1475,134.9059,646.45064,414.51768
34.3,62.4573,67.2444,67.4054,70.6775,67.6356,70.0924,61.8802,66.8775,67.2612,185.1475,177.844,143.2795,646.85256,414.794
34.35,64.2028,66.0943,66.8658,68.1385,68.6905,69.7609,68.2123,67.1202,67.4197,184.7498,179.421,150.1912,647.25448,415.0766
34.4,67.5911,66.5507,66.9808,64.7164,68.0367,68.9143,61.7182,67.1332,66.4694,183.4618,182.0747,155.7363,647.6564,415.3592
34.45,65.5128,65.9247,66.7303,69.9829,68.2457,69.0866,65.181,65.9814,66.2547,67.1547,159.2683,140.9727,648.05204,415.6418
34.5,59.9064,63.9341,65.5872,66.5543,68.0139,68.6588,68.6239,65.1231,66.6496,67.6863,137.64,128.7583,648.45396,415.91812
34.55,64.9377,64.4301,65.4731,68.9372,67.6658,68.6993,72.3876,67.2246,67.6059,66.998,114.0101,118.4649,648.85588,416.20072
34.6,67.8945,65.1685,65.8709,68.4355,67.7252,68.6495,62.3568,66.0535,66.7311,68.1724,90.6946,110.0828,649.2578,416.48332
34.65,66.8964,65.0296,66.0359,64.4724,67.6764,67.9475,62.6442,66.2387,66.0499,67.9868,67.5996,103.0668,649.65972,416.76592
34.7,66.394,65.2058,66.0899,61.2659,65.9331,66.8281,63.4615,65.8948,65.6185,70.2322,68.2151,97.5944,650.05536,417.04224
34.75,72.1101,67.6465,67.0874,68.2654,66.2753,67.0618,68.3978,65.8496,66.0817,69.1512,68.5081,92.8539,650.45728,417.32484
34.8,65.3888,67.7367,66.7984,73.9966,67.2872,68.2118,147.1706,80.8062,79.5966,67.764,68.6613,88.6722,650.8592,417.60744
34.85,67.3756,67.633,66.8888,62.7333,66.1467,67.2929,155.2153,99.3779,92.1997,66.9453,68.4159,85.0511,651.26112,417.88376
34.9,62.6424,66.7822,66.1753,65.1112,66.2745,66.9235,182.5258,123.3542,107.254,68.5942,68.5374,82.3082,651.53744,418.28568
34.95,73.5409,68.2116,67.3971,73.4379,68.7089,68.0034,199.5955,150.581,122.6443,65.8794,67.6668,79.5701,651.82004,418.6876
35.0,70.2887,67.8473,67.8731,64.2919,67.9142,67.379,222.6697,181.4354,139.3152,62.454,66.3274,76.7174,652.10264,419.08952
35.05,69.5698,68.6835,68.1501,68.1194,66.7388,67.4965,239.6076,199.9228,156.0306,65.8428,65.9431,74.905,652.38524,419.49144
35.1,69.8267,69.1737,68.4238,68.5792,67.9079,67.6712,73.6291,183.6056,142.297,71.8847,66.931,74.4016,652.66156,419.88708
35.15,69.6979,70.5848,68.6303,63.2009,67.5259,66.9203,64.2798,159.9564,129.2941,67.879,66.788,73.3145,652.94416,420.289
35.2,65.3958,68.9558,68.0853,66.4566,66.1296,66.8372,66.9625,133.4298,118.9055,67.1652,67.0451,72.2896,653.22676,420.69092
35.25,67.904,68.4788,68.0493,69.4938,67.17,67.2742,68.7149,102.6388,110.5404,62.8238,67.1191,70.712,653.50308,421.09284
35.3,66.9284,67.9506,67.8567,67.8868,67.1235,67.3705,67.4571,68.2087,103.3599,69.2583,67.8022,70.4697,653.78568,421.48848
35.35,73.3661,68.6584,68.7691,69.0037,67.2084,67.6368,72.3811,67.9591,98.1967,66.5717,66.7396,69.82,654.06828,421.8904
35.4,69.6258,68.644,68.906,65.3619,67.6406,67.2518,68.2201,68.7471,93.2006,71.5836,67.4805,70.114,654.35088,422.29232
35.45,72.0056,69.966,69.4168,68.2247,67.9942,67.4082,70.3194,69.4185,89.3871,68.242,67.6959,69.802,654.6272,422.69424
35.5,64.7654,69.3383,68.6358,70.0355,68.1025,67.8402,62.8685,68.2492,84.9673,67.1798,68.5671,69.3649,654.9098,423.09616
35.55,70.0927,69.9711,68.8728,70.033,68.5318,68.1999,64.9947,67.7568,81.6386,68.0802,68.3314,69.1508,655.1924,423.4918
35.6,71.6431,69.6265,69.3287,67.1495,68.1609,68.019,68.4012,66.9608,79.4323,68.8815,68.7934,69.1059,655.46872,423.89372
35.65,63.8374,68.4688,68.4066,67.7418,68.6369,67.966,71.0973,67.5362,78.0432,69.0833,68.2934,69.1022,655.87064,424.29564
35.7,63.8974,66.8472,67.6482,70.3619,69.0643,68.3584,72.0699,67.8863,77.0476,61.9745,67.0399,67.9142,656.27256,424.69756
35.75,69.6115,67.8164,67.9686,65.7852,68.2143,67.9227,70.2603,69.3647,75.9164,63.9411,66.3921,67.252,656.67448,425.09948
35.8,68.82,67.5619,68.1037,65.3948,67.2866,67.4945,73.6301,71.0917,75.5353,70.1948,66.815,67.7425,657.0764,425.49512
35.85,64.9666,66.2266,67.574,63.4407,66.5449,66.8121,67.008,70.8131,74.1141,63.4347,65.7257,67.0245,657.47204,425.89704
35.9,69.2709,67.3133,67.8499,62.8848,65.5735,66.1507,68.145,70.2227,73.1193,68.9667,65.7024,67.3482,657.87396,426.29896
35.95,71.8075,68.8953,68.5027,68.1006,65.1212,66.4688,69.2829,69.6652,72.4799,64.3598,66.1794,66.8502,658.27588,426.70088
36.0,72.5809,69.4892,69.1756,68.8797,65.7401,66.8638,66.3649,68.8862,71.4607,68.2366,67.0385,67.0812,658.6778,427.09652
36.05,66.855,69.0962,68.7819,70.6459,66.7904,67.4873,68.5317,67.8665,70.9725,345.0389,122.0073,113.4075,659.07972,427.49844
36.1,71.7392,70.4507,69.269,66.1669,67.3356,67.2614,67.7875,68.0224,70.4417,368.736,183.0676,155.9623,659.47536,427.78104
36.15,64.5303,69.5026,68.4734,73.257,69.41,68.2548,65.9275,67.5789,69.6893,433.3361,255.9415,202.1912,659.87728,428.06364
36.2,69.5624,69.0536,68.6491,67.4905,69.288,68.1217,68.0796,67.3382,69.421,455.0512,334.0798,244.3346,660.2792,428.33996
36.25,70.5158,68.6406,68.9544,71.5354,69.8191,68.6848,70.2237,68.11,69.5548,473.1519,415.0628,282.4708,660.68112,428.62256
36.3,75.0346,70.2765,69.9619,70.5057,69.7911,68.9824,64.2209,67.2478,68.6658,479.0802,441.8711,315.239,661.08304,428.90516
36.35,63.956,68.7198,68.9551,69.5588,70.4695,69.0727,63.8455,66.4594,67.8624,484.0275,464.9294,343.3704,661.47868,429.18776
36.4,65.2366,68.8611,68.3296,70.7214,69.9624,69.3417,65.6296,66.3999,67.4903,73.8576,393.0337,298.4516,661.8806,429.46408
36.45,69.0076,68.7501,68.4367,64.886,69.4415,68.5932,69.1641,66.6168,67.7693,69.7026,315.964,260.3268,662.28252,429.74668
36.5,67.6155,68.17,68.294,68.8518,68.9047,68.6305,59.2383,64.4197,66.3474,65.0304,234.3397,227.7774,662.68444,430.02928
36.55,67.9057,66.7443,68.2235,72.7181,69.3472,69.3059,68.8274,65.341,66.7608,71.5136,152.8263,201.7334,663.08008,430.31188
36.6,63.9382,66.7407,67.5035,62.5476,67.945,68.1737,60.5407,64.68,65.7241,66.8704,69.3949,179.2563,663.482,430.5882
36.65,65.1643,66.7262,67.1078,64.5644,66.7136,67.5663,68.2414,65.2024,66.1436,73.7156,69.3665,161.6661,663.88392,430.8708
36.7,64.5122,65.8272,66.6693,93.778,72.492,71.9291,68.9013,65.1498,66.6032,69.6783,69.3617,146.3348,664.28584,431.1534
36.75,67.6889,65.8419,66.8335,114.7507,81.6717,79.0602,63.9931,66.1008,66.1682,61.1539,68.5864,132.138,664.68776,431.42972
36.8,70.9468,66.4501,67.5132,138.0215,94.7324,88.8813,67.3565,65.8066,66.3663,64.1643,67.1165,120.8091,665.0834,431.71232
36.85,69.5433,67.5711,67.8516,136.8518,109.5933,96.8764,66.9159,67.0816,66.4579,66.0895,66.9603,111.6891,665.28436,431.51136
36.9,71.0541,68.7491,68.3853,122.4999,121.1804,101.147,65.8169,66.5967,66.351,69.691,66.1554,104.6895,665.48532,431.3104
36.95,65.2816,68.9029,67.868,114.2438,125.2735,103.3298,68.8585,66.5882,66.769,68.0865,65.8371,98.589,665.68628,431.10944
37.0,63.8367,68.1325,67.1962,65.7756,115.4785,97.0707,63.8446,66.5585,66.2816,67.8849,67.1833,93.4716,665.88724,430.90848
37.05,67.2733,67.3978,67.209,68.0722,101.4886,92.2377,66.5221,66.3916,66.3216,64.5447,67.2593,88.6505,666.0882,430.70752
37.1,65.2288,66.5349,66.879,71.8392,88.4861,88.8379,64.2241,65.8532,65.9721,67.0565,67.4527,85.0515,666.28916,430.50656
37.15,69.6997,66.264,67.3491,63.5582,76.6978,84.6246,67.729,66.2357,66.2649,64.3646,66.3874,81.6037,666.49012,430.3056
37.2,66.1319,66.4341,67.1462,70.2277,67.8946,82.2251,67.4867,65.9613,66.4685,147.4186,82.2539,92.5728,666.69108,430.10464
37.25,64.5495,66.5766,66.7134,65.496,67.8387,79.4369,64.162,66.0248,66.0841,140.117,96.7003,100.4968,666.89204,429.90996
37.3,67.765,66.675,66.8829,70.1091,68.246,77.8765,71.4597,67.0123,66.98,135.0029,110.7919,106.2479,667.29396,430.18628
37.35,70.6926,67.7677,67.512,69.9173,67.8617,76.5441,66.2871,67.4249,66.8646,135.8769,124.556,111.186,667.69588,430.46888
37.4,66.1548,67.0588,67.28,70.2284,69.1957,75.4857,65.2672,66.9325,66.5983,151.5564,141.9944,117.9144,668.09152,430.75148
37.45,58.6413,65.5606,65.8344,60.779,67.3059,73.0288,57.4495,64.9251,65.0735,150.4146,142.5936,123.3311,668.49344,431.0278
37.5,64.0004,65.4508,65.5229,71.1137,68.4295,72.7037,70.2799,66.1487,65.9412,158.3741,146.245,129.1716,668.89536,431.3104
37.55,67.9548,65.4888,65.9224,61.7581,66.7593,70.8736,62.7566,64.408,65.4105,148.5194,148.9483,132.3963,669.29728,431.593
37.6,64.5896,64.2682,65.6945,67.1255,66.2009,70.2431,70.1211,65.1748,66.1956,66.3877,135.0505,121.3948,669.69292,431.8756
37.65,64.9758,64.0324,65.5689,67.2409,65.6034,69.737,69.0168,65.9248,66.6658,62.2898,117.1971,111.544,670.09484,432.15192
37.7,71.6473,66.6336,66.5761,68.5791,67.1635,69.5382,66.8925,67.8134,66.7036,71.3605,101.3863,104.8467,670.49676,432.43452
37.75,68.0872,67.451,66.8221,63.1776,65.5762,68.4722,66.0386,66.9651,66.5927,71.3644,83.9844,99.2664,670.89868,432.71712
37.8,65.4421,66.9484,66.5863,69.0971,67.044,68.5706,67.5494,67.9237,66.7522,68.2072,67.9219,94.0898,671.3006,432.99344
37.85,68.2135,67.6732,66.8517,64.4105,66.501,67.8714,59.3196,65.7634,65.5134,73.6433,69.373,90.6821,671.69624,433.27604
37.9,63.479,67.3738,66.2838,63.1801,65.6889,67.0837,71.7077,66.3015,66.5458,63.531,69.6213,86.1569,672.09816,433.55864
37.95,68.7748,66.7993,66.6931,63.5219,64.6774,66.4842,75.0515,67.9333,67.9634,62.9102,67.9312,82.2824,672.50008,433.84124
38.0,66.6951,66.5209,66.6876,61.8532,64.4125,65.7066,62.4277,67.2112,67.0408,71.4101,67.9403,80.4704,672.902,434.11756
38.05,66.3186,66.6962,66.6203,67.4296,64.079,65.988,65.5658,66.8144,66.795,62.9141,66.8817,77.5443,673.29764,434.40016
38.1,67.5029,66.554,66.7605,72.2662,65.6502,67.0275,64.5125,67.853,66.4145,62.8908,64.7312,75.1021,673.69956,434.80208
38.15,67.8576,67.4298,66.9365,68.2609,66.6664,67.2262,68.5822,67.2279,66.7758,63.1128,64.6476,73.1039,674.10148,435.204
38.2,65.0413,66.6831,66.6138,65.5656,67.0751,66.9426,66.3782,65.4933,66.7095,66.5569,65.3769,72.0127,674.5034,435.59964
38.25,75.0365,68.3514,68.0107,59.0441,66.5133,65.6193,66.3078,66.2693,66.6426,64.2574,63.9464,70.7201,674.90532,436.00156
38.3,71.1141,69.3105,68.5212,60.411,65.1096,64.7445,67.71,66.6981,66.8205,71.3013,65.6238,70.817,675.30096,436.40348
38.35,66.5865,69.1272,68.1918,66.5554,63.9674,65.0394,71.6013,68.1159,67.6173,66.2639,66.2985,70.0582,675.70288,436.8054
38.4,67.6115,69.078,68.0883,62.3061,62.7764,64.577,287.2969,111.8588,104.2306,64.654,66.6067,69.1575,676.1048,437.20732
38.45,70.1386,70.0974,68.4242,71.2926,63.9219,65.6905,332.9319,165.1696,142.3475,69.4977,67.1949,69.2142,676.3874,437.60296
38.5,67.7349,68.6371,68.3035,64.2683,64.9667,65.4477,372.6126,226.4305,180.725,57.2565,65.7947,67.2212,676.66372,438.00488
38.55,66.1882,67.652,67.9451,77.2011,68.3247,67.4007,481.0566,309.0999,230.7803,69.2673,65.3879,67.5622,676.94632,438.4068
38.6,70.0973,68.3541,68.298,69.4637,68.9064,67.7387,594.38,413.6556,291.3802,66.6612,65.4673,67.4121,677.22892,438.80872
38.65,65.5508,67.942,67.8343,62.8638,69.0179,66.9204,613.5646,478.9091,345.0776,69.0606,66.3487,67.6868,677.51152,439.20436
38.7,76.0093,69.1161,69.191,68.4203,68.4434,67.1646,324.3301,477.1888,341.6197,66.2427,65.6977,67.4461,677.78784,439.60628
38.75,69.293,69.4277,69.2022,63.674,68.3246,66.577,72.6252,417.1913,296.7873,71.0735,68.4611,68.0507,678.07044,440.0082
38.8,65.0238,69.1948,68.4999,71.2228,67.1289,67.3454,68.4377,334.6675,258.729,64.0211,67.4118,67.3791,678.35304,440.41012
38.85,65.2191,68.2192,67.9473,68.5527,66.9467,67.5409,66.8465,229.1608,226.7486,70.0782,68.0952,67.829,678.62936,440.81204
38.9,61.9872,67.5064,66.9482,104.9521,75.3644,73.7703,62.5138,118.9507,199.3761,71.2146,68.526,68.3932,678.91196,441.20768
38.95,101.606,72.6258,72.7186,125.9382,86.868,82.4591,65.1302,67.1107,177.0018,70.5178,69.3811,68.7473,679.19456,441.6096
39.0,93.7075,77.5087,76.2168,138.5092,101.835,91.8008,65.4429,65.6742,158.4087,66.1577,68.3979,68.3157,679.39552,441.40864
39.05,63.9558,77.2951,74.1733,133.7338,114.3372,98.7896,67.4732,65.4813,143.2527,73.1783,70.2293,69.1262,679.59648,441.20768
39.1,69.0208,78.0555,73.3145,120.5401,124.7347,102.4147,68.1949,65.751,130.7431,71.7457,70.5628,69.5628,679.79744,441.00672
39.15,68.7845,79.4149,72.5595,116.9247,127.1292,104.833,114.5972,76.1677,128.0521,66.2844,69.5768,69.0164,679.9984,440.80576
39.2,65.0679,72.1073,71.3109,98.415,121.6245,103.7633,182.6348,99.6686,137.1492,68.6393,69.2011,68.9535,680.19936,440.6048
39.25,62.0333,65.7725,69.7647,60.6661,106.0559,96.5805,176.9627,121.9726,143.7848,70.4359,70.0567,69.2006,680.40032,440.40384
39.3,65.2051,66.0223,69.0048,65.6422,92.4376,91.4242,114.4206,131.362,138.8908,96.3829,74.6976,73.731,680.595,440.20288
39.35,67.6348,65.7451,68.7764,62.9122,80.9121,86.6721,65.4543,130.8139,126.6514,117.27,83.8025,80.9875,680.80224,440.00192
39.4,70.3222,66.0527,69.034,67.3264,70.9924,83.4478,65.2793,120.9503,116.4227,116.8182,93.9093,86.9593,681.0032,439.80096
39.45,77.1049,68.4601,70.3791,69.631,65.2356,81.145,73.7844,99.1803,109.3163,130.8508,106.3516,94.2745,681.20416,439.60628
39.5,65.3144,69.1163,69.535,63.579,65.8182,78.2173,63.683,76.5243,101.7108,136.5839,119.5812,101.3261,681.40512,439.40532
39.55,62.3244,68.5401,68.3275,65.7718,65.8441,76.1373,66.9115,67.0225,95.9109,132.4508,126.7947,106.5135,681.68144,439.80096
39.6,70.1828,69.0497,68.6309,67.9171,66.8451,74.7614,59.5914,65.8499,89.8576,130.8133,129.5034,110.5635,681.96404,440.20288
39.65,65.6164,68.1086,68.1226,66.3466,66.6491,73.3531,118.8945,76.573,94.6971,150.9591,136.3316,117.2961,682.24664,440.6048
39.7,66.524,65.9924,67.8504,70.579,66.8387,72.885,110.6688,83.9498,97.3591,151.5883,140.4791,123.0115,682.52296,441.00672
39.75,64.4645,65.8224,67.2803,69.5559,68.0341,72.3243,152.6412,101.7415,106.5727,157.3836,144.639,128.7402,682.80556,441.40236
39.8,71.3162,67.6208,67.9471,68.046,68.4889,71.6054,374.1972,163.1986,151.1768,143.0579,146.7604,131.1265,683.08816,441.80428
39.85,65.044,66.593,67.4574,67.9073,68.487,70.9832,328.8456,217.0495,180.7883,164.2904,153.4559,136.6538,683.37076,442.2062
39.9,66.5723,66.7842,67.3041,64.3911,68.0959,69.8787,282.7613,249.8228,197.7838,172.6382,157.7917,142.6512,683.64708,442.60812
39.95,62.8738,66.0541,66.5598,64.4591,66.8719,68.9696,229.2337,273.5358,203.0254,197.6269,166.9994,151.8138,683.92968,443.01004
40.0,63.0602,65.7733,65.9708,79.5317,68.8671,70.7242,187.2061,280.4488,200.3889,209.4251,177.4077,161.4157,684.21228,443.40568
40.05,62.2613,63.9623,65.3468,103.4892,75.9557,76.1792,176.1606,240.8415,196.3508,246.5338,198.1029,175.602,684.4886,443.8076
40.1,66.7887,64.3113,65.5812,126.685,87.7112,84.591,66.4636,188.3651,174.703,293.5468,223.9542,195.2595,684.7712,444.20952
40.15,68.0462,64.6061,65.9921,105.2996,95.8929,88.0424,169.0689,165.6266,173.764,330.891,255.6047,217.8647,684.97216,444.00856
40.2,62.834,64.5981,65.4657,71.3458,97.2703,85.2597,189.1144,157.6027,176.3224,358.1083,287.701,241.2387,685.17312,443.8076
40.25,70.1964,66.0253,66.2542,59.8165,93.3272,81.0191,194.9359,159.1487,179.4246,330.4479,311.9056,256.1069,685.37408,443.60664
40.3,69.0692,67.3869,66.7233,64.3974,85.5089,78.2488,186.5405,161.2247,180.6106,301.7674,322.9523,263.717,685.57504,443.40568
40.35,69.3868,67.9065,67.1614,66.4486,73.4616,76.2763,193.6211,186.6562,182.779,268.1778,317.8785,264.4604,685.85764,443.8076
40.4,69.7157,68.2404,67.5813,62.384,64.8785,73.9551,209.4382,194.73,187.2222,69.0365,265.5076,231.8898,686.13396,444.20952
40.45,67.3473,69.1431,67.5365,67.0521,64.0197,72.7988,208.9922,198.7056,190.8505,66.2814,207.1422,204.2884,686.41656,444.60516
40.5,63.6689,67.8376,66.8861,99.489,71.9542,77.2413,66.4275,173.0039,170.1134,62.3132,153.5153,180.6258,686.69916,445.00708
40.55,67.5613,67.536,66.9928,67.3966,72.5541,75.5948,71.34,149.9638,153.6511,66.8225,106.5263,161.6586,686.97548,445.409
40.6,64.4524,66.5491,66.5636,65.4608,72.3565,73.8999,62.4677,123.7331,138.4539,373.1145,127.5136,196.9013,687.25808,445.81092
40.65,67.9499,66.196,66.7888,111.048,82.0893,80.0855,64.2299,94.6915,126.0832,482.4311,210.1925,244.4896,687.54068,446.20656
40.7,68.1489,66.3563,67.0155,68.9221,82.4633,78.2249,64.594,65.8118,115.835,729.4107,342.8184,325.3098,687.74164,446.01188
40.75,69.6957,67.5616,67.4564,84.2137,79.4082,79.2172,67.5891,66.0442,107.7941,582.8785,446.9315,368.2379,688.02424,446.40752
40.8,61.5448,66.3583,66.4653,109.7794,87.8848,84.3051,66.5026,65.0767,100.9122,505.3163,534.6302,391.0843,688.30056,446.80944
40.85,66.7382,66.8155,66.5108,65.2788,87.8484,81.1341,71.6157,66.9063,96.0294,820.1399,624.0353,462.5936,688.50152,446.60848
40.9,64.0151,66.0285,66.0948,67.7025,79.1793,78.8955,61.1264,66.2856,90.2122,1088.0682,745.1627,566.8393,688.70248,446.40752
40.95,71.2172,66.6422,66.9427,73.9027,80.1754,78.0575,62.6051,65.8878,85.6111,1056.5992,810.6004,648.466,688.98508,446.80944
41.0,58.4718,64.3974,65.5251,69.3109,77.1949,76.5939,67.5008,65.8701,82.5927,989.6619,891.9571,705.332,689.26768,447.21136
41.05,64.7488,65.0382,65.3899,73.3303,69.905,76.0442,61.3871,64.847,79.0584,1006.5296,992.1997,755.5316,689.544,447.61328
41.1,70.7105,65.8327,66.2709,70.6958,70.9884,75.147,65.2207,63.568,76.7521,1089.9781,1046.1674,811.2726,689.94592,447.8896
41.15,71.9209,67.4138,67.2067,69.0936,71.2667,74.1322,67.7804,64.8988,75.2569,1132.7082,1055.0954,864.8452,690.34784,448.1722
41.2,65.9885,66.3681,66.9978,67.9965,70.0854,73.1038,71.0177,66.5814,74.5503,1002.6281,1044.3012,887.809,690.74976,448.4548
41.25,69.6576,68.6052,67.4354,69.2213,70.0675,72.4509,64.2975,65.9407,72.8415,892.7511,1024.919,888.6327,691.1454,448.73112
41.3,62.5183,68.1592,66.61,61.1998,67.6414,70.5699,69.4464,67.5526,72.2757,975.4275,1018.6986,903.0985,691.54732,449.01372
41.35,62.7867,66.5744,65.9669,59.3697,65.3762,68.6974,72.9813,69.1047,72.3933,959.6601,992.635,912.5254,691.94924,449.29632
41.4,69.8238,66.155,66.6039,65.3976,64.637,68.1416,65.5169,68.652,71.2472,840.9937,934.2921,900.6035,692.35116,449.57264
41.45,66.7913,66.3155,66.6294,69.5963,64.9569,68.3783,70.6844,68.5853,71.1534,574.2897,848.6244,846.2178,692.7468,449.85524
41.5,66.5033,65.6847,66.6025,65.7606,64.2648,67.9361,66.1867,68.9631,70.3256,486.8526,767.4447,786.3236,693.14872,450.13784
41.55,71.3165,67.4443,67.3823,70.7485,66.1746,68.399,66.678,68.4095,69.7177,369.1622,646.1916,716.7967,693.55064,450.42044
41.6,71.7757,69.2421,68.1088,66.8712,67.6749,68.1386,72.6251,68.3382,70.2022,350.6146,524.3825,655.7664,693.95256,450.69676
41.65,68.0803,68.8934,68.0982,66.0169,67.7987,67.7791,67.3432,68.7035,69.7257,298.4062,415.8651,596.2063,694.35448,450.97936
41.7,72.4509,70.0253,68.8178,70.8028,68.04,68.2773,66.2345,67.8135,69.1439,227.2577,346.4587,534.7149,694.75012,451.26196
41.75,80.1903,72.7627,70.7074,61.046,67.0971,67.0662,69.7727,68.5307,69.2487,190.9806,287.2843,477.4259,695.15204,451.54456
41.8,109.7516,80.4498,77.209,70.4797,67.0433,67.6294,64.8944,68.174,68.5229,149.9571,243.4433,422.8477,695.55396,451.82088
41.85,112.5952,88.6137,83.1008,66.4789,66.9649,67.4318,74.1664,68.4822,69.4635,130.8635,199.493,374.1837,695.95588,452.10348
41.9,143.855,103.7686,93.2265,65.3523,66.832,67.0852,64.359,67.8854,68.6128,113.841,162.58,330.7932,696.15684,451.90252
41.95,148.9503,119.0685,102.5138,66.3546,65.9423,66.9634,71.1309,68.8647,69.0325,86.5651,134.4414,290.0885,696.3578,451.70156
42.0,162.4942,135.5293,112.5106,66.0449,66.9421,66.8103,70.7836,69.0669,69.3243,68.0505,109.8554,253.0822,696.55876,451.5006
42.05,158.4956,145.2781,120.1747,67.2273,66.2916,66.8798,60.8772,68.2634,67.9165,67.5213,93.3683,222.1554,696.75972,451.29964
42.1,151.5032,153.0597,125.3962,134.2183,79.8395,78.103,67.6906,66.9682,67.8788,68.5528,80.9061,196.5549,696.9544,451.09868
42.15,63.7731,137.0433,115.1257,144.0796,95.5849,89.0991,69.0509,67.9066,68.0742,67.9811,71.7341,175.126,697.15536,450.89772
42.2,60.0954,119.2723,105.954,161.2521,114.5644,101.1246,72.576,68.1957,68.8245,64.7688,67.3749,156.7331,697.35632,450.69676
42.25,62.3708,99.2476,98.6901,161.6881,133.6931,111.2185,66.557,67.3504,68.4466,64.0314,66.5711,141.2828,697.55728,450.4958
42.3,66.1158,80.7716,93.261,164.9892,153.2455,120.1803,67.7441,68.7237,68.3295,69.036,66.874,129.2417,697.75824,450.29484
42.35,60.9576,62.6625,87.8771,68.4603,140.0939,111.5603,67.6319,68.712,68.2132,67.1586,66.5952,118.8945,697.9592,450.09388
42.4,71.2693,64.1618,85.1092,72.0263,125.6832,104.9713,71.6833,69.2385,68.7916,72.397,67.4784,111.1449,698.16016,449.89292
42.45,64.9586,65.1344,81.7507,63.4957,106.1319,98.0587,70.5235,68.828,69.0802,65.1347,67.5516,103.4766,698.36112,449.69196
42.5,72.0895,67.0781,80.1405,65.7117,86.9366,92.6675,59.852,67.487,67.5422,70.6915,68.8836,98.0124,698.56208,449.491
42.55,63.8418,66.6233,77.424,70.8322,68.1052,89.0283,69.7139,67.8809,67.9041,120.8591,79.2482,101.8202,698.76304,449.29632
42.6,65.2124,67.4743,75.3887,68.9321,68.1996,85.6789,64.8928,67.3331,67.4023,137.844,93.3853,107.8241,698.964,449.09536
42.65,67.0779,66.636,74.0036,65.0086,66.796,82.2338,107.5575,74.508,74.0948,146.5692,108.2197,114.2817,699.16496,448.8944
42.7,66.8079,67.0059,72.8043,67.7209,67.6411,79.815,128.6455,86.1323,83.1866,156.6165,126.5161,121.3375,699.36592,448.69344
42.75,63.8902,65.366,71.3128,64.2175,67.3422,77.2096,107.4018,95.6423,87.2225,156.4771,143.6732,127.1941,699.64852,449.08908
42.8,67.0105,65.9998,70.5899,68.0164,66.7791,75.6716,69.5326,95.6061,84.2742,158.5733,151.216,132.424,699.93112,449.491
42.85,68.8662,66.7305,70.2969,69.727,66.9381,74.675,66.6781,95.9631,81.3415,166.8523,157.0177,138.162,700.20744,449.89292
42.9,64.3468,66.1843,69.2993,67.6949,67.4753,73.5058,64.8849,87.4286,78.5987,62.621,140.2281,125.5719,700.49004,450.29484
42.95,68.5469,66.5321,69.1681,70.0962,67.9504,72.9318,68.3187,75.3632,76.8854,65.9174,122.0882,115.6294,700.89196,450.57116
43.0,73.3662,68.4273,69.862,62.9871,67.7043,71.2685,66.6823,67.2193,75.1849,66.1412,104.021,107.3814,701.29388,450.85376
43.05,70.1926,69.0638,69.9113,68.7319,67.8474,70.8399,66.0747,66.5277,73.6665,68.2036,85.9471,100.8518,701.68952,451.13636
43.1,68.0946,68.9094,69.6027,63.4615,66.5943,69.6043,62.0767,65.6075,71.7349,63.753,65.3272,94.6686,702.09144,451.41896
43.15,67.3017,69.5004,69.2134,76.8777,68.4309,70.8108,67.2603,66.0825,70.9891,66.6858,66.1402,90.0048,702.49336,451.69528
43.2,66.9091,69.1728,68.8235,107.6877,75.9492,76.9511,66.5126,65.7213,70.243,72.3313,67.423,87.0592,702.89528,451.97788
43.25,66.457,67.791,68.4233,124.1402,88.1798,84.8101,66.0701,65.5989,69.5475,70.3223,68.2592,84.2697,703.29092,452.26048
43.3,60.4976,65.852,67.1023,118.1243,98.0583,90.3625,63.7001,65.124,68.573,65.7156,67.7616,81.1774,703.49188,452.05952
43.35,64.5741,65.1479,66.681,62.7763,97.9212,85.7648,67.5403,66.2167,68.4009,67.0582,68.4226,78.8242,703.69284,451.85856
43.4,56.3904,62.9656,64.9659,66.9579,95.9373,82.6303,70.8135,66.9273,68.803,69.7343,69.0323,77.3092,703.8938,451.6576
43.45,69.2957,63.4429,65.6875,63.3709,87.0739,79.4204,63.026,66.23,67.8401,64.5322,67.4725,75.1797,704.09476,451.45664
43.5,68.8104,63.9136,66.2011,64.0203,75.0499,76.8469,65.948,66.2056,67.5248,63.6998,66.148,73.2664,704.49668,451.85856
43.55,66.6169,65.1375,66.2635,70.3993,65.5049,75.7654,68.7753,67.2206,67.7332,64.5012,65.9051,71.8055,704.8986,452.26048
43.6,69.5314,66.129,66.8014,66.9425,66.3382,74.2882,59.6321,65.639,66.383,64.2112,65.3357,70.5398,705.29424,452.65612
43.65,67.8743,68.4257,66.9734,62.8223,65.5111,72.3703,61.4397,63.7642,65.5591,109.2778,73.2444,76.9961,705.69616,453.05804
43.7,72.3755,69.0417,67.8669,69.6532,66.7675,71.9106,66.7536,64.5097,65.7582,125.7416,85.4863,85.1204,706.09808,453.45996
43.75,67.4277,68.7652,67.7879,62.7558,66.5146,70.379,64.7411,64.2684,65.5887,123.3679,97.4199,91.495,706.5,453.73628
43.8,71.3194,69.7056,68.3706,68.23,66.0808,70.015,67.2156,63.9564,65.8598,205.312,125.5821,110.4645,706.90192,454.01888
43.85,67.4416,69.2877,68.21,67.6623,66.2247,69.6171,67.2927,65.4885,66.0986,324.0185,177.5435,146.0568,707.29756,454.30148
43.9,69.7517,69.6631,68.4611,67.2224,67.1048,69.2121,77.2777,68.6561,67.9618,489.2939,253.5468,203.263,707.69948,454.58408
43.95,66.0385,68.3958,68.0515,73.9167,67.9575,69.9904,95.8926,74.4839,72.617,219.2653,272.2515,205.93,708.1014,454.8604
44.0,68.4628,68.6028,68.1142,70.2472,69.4557,70.0274,105.2695,82.5896,78.059,130.9702,273.772,193.4367,708.50332,455.143
44.05,77.5292,69.8448,69.6776,72.0627,70.2223,70.3608,118.3342,92.8133,84.7716,114.2567,255.5609,180.2401,708.89896,455.4256
44.1,108.3963,78.0357,76.1249,73.354,71.3606,70.8538,155.008,110.3564,96.4777,108.5107,212.4594,168.2852,709.18156,455.82752
44.15,150.6512,94.2156,88.5401,63.7445,70.665,69.6631,214.0565,137.7122,116.0741,88.9289,132.3864,155.0591,709.46416,456.22316
44.2,65.0646,94.0208,84.6275,65.8081,69.0433,69.0206,164.1614,151.3659,124.0887,68.0782,102.149,140.5623,709.66512,456.0222
44.25,67.3579,93.7998,81.7493,87.1528,72.4244,72.0427,118.3738,153.9868,123.1362,69.3131,89.8175,128.6874,709.86608,455.82124
44.3,66.1207,91.5181,79.1445,106.3264,79.2771,77.7566,70.5995,144.4398,114.3801,74.9736,81.9609,119.7351,710.06704,455.62028
44.35,65.2871,82.8963,76.8292,163.0242,97.2112,91.9621,132.8664,140.0115,117.4611,66.7173,73.6022,110.8988,710.34336,456.0222
44.4,63.7234,65.5107,74.6449,236.29,131.7203,116.0167,85.4795,114.2961,112.1309,63.4707,68.5106,102.9941,710.54432,455.82124
44.45,1090.9161,270.6811,244.0234,277.5536,174.0694,142.9395,67.1361,94.8911,104.6317,63.6897,67.6329,96.4434,710.74528,455.62028
44.5,1054.2465,468.0588,379.0606,66.3705,169.9129,130.178,71.7809,85.5725,99.1566,69.4752,67.6653,91.9487,710.94624,455.41932
44.55,947.9585,644.4263,473.8769,63.6335,161.3744,119.0873,62.5321,83.959,93.0525,64.994,65.6694,87.4562,711.1472,455.21836
44.6,605.4609,752.4611,495.8076,66.1139,141.9923,110.2584,68.9461,71.1749,89.0348,69.6611,66.2581,84.4904,711.34816,455.0174
44.65,384.3147,816.5793,477.2254,860.4788,266.8301,235.2951,66.507,67.3804,85.2801,65.5527,66.6745,81.3341,711.54912,454.81644
44.7,299.4625,658.2886,447.5982,1094.8101,430.2814,378.5476,65.0163,66.9565,81.9028,86.9324,71.3231,82.2672,711.75008,454.62176
44.75,201.2136,487.682,406.5341,1116.5527,640.3178,501.5484,66.5754,65.9154,79.3483,121.3593,81.6999,88.7825,711.95104,454.4208
44.8,136.0907,325.3085,361.4602,964.9669,820.5845,578.7848,66.6442,66.7378,77.2309,155.5226,99.8056,99.9059,712.152,454.21984
44.85,75.556,219.3275,313.8095,562.3569,919.8331,576.0468,62.5519,65.459,74.7844,211.2121,128.1158,118.4569,712.35296,454.01888
44.9,63.0472,155.074,272.0158,369.8423,821.7058,541.6795,69.3235,66.0223,73.8743,248.2203,164.6493,140.0841,712.55392,453.81164
44.95,63.26,107.8335,237.2232,342.5866,671.2611,508.4973,64.1575,65.8505,72.2548,137.8129,174.8254,139.7056,712.75488,453.61696
45.0,68.656,81.322,209.1286,223.4519,492.6409,460.9897,68.5665,66.2487,71.6401,64.5206,163.4577,127.1748,712.95584,453.416
45.05,69.6939,68.0426,185.8895,137.5178,327.1511,407.0777,60.1738,64.9547,69.7291,66.9621,145.7456,117.1393,713.1568,453.21504
45.1,69.3511,66.8016,166.4664,82.7408,231.2279,353.0216,65.9288,65.63,69.0957,69.3495,117.3731,109.1744,713.35776,453.01408
45.15,71.5659,68.5054,150.6497,66.7892,170.6173,305.3162,156.2145,83.0082,83.6155,875.2402,242.7771,236.852,713.55872,452.81312
45.2,70.2282,69.899,137.2461,63.0678,114.7135,264.9415,143.5663,98.89,93.6073,1009.7558,417.1656,365.6693,713.75968,452.61216
45.25,65.5449,69.2768,125.2959,65.5573,83.1346,231.7108,123.0246,109.7816,98.5102,1162.8829,636.8381,498.5382,713.96064,452.4112
45.3,67.4486,68.8277,115.6547,66.8772,69.0065,204.2385,107.8748,119.3218,100.071,829.4108,789.3278,553.6837,714.1616,452.21024
45.35,68.2581,68.6092,107.7553,70.0174,66.4618,181.8683,76.6581,121.4677,96.1688,532.0003,881.858,550.0698,714.36256,452.00928
45.4,68.7178,68.0395,101.249,66.6443,66.4328,162.6643,67.1174,103.6483,91.3269,348.8758,776.5851,516.5374,714.56352,451.80832
45.45,71.3237,68.2586,96.2615,64.5812,66.7355,146.3171,62.2231,87.3796,86.4763,232.084,621.0508,469.1285,714.76448,451.60736
45.5,61.1719,67.384,90.4132,64.3818,66.5004,132.6612,61.9547,75.1656,82.3893,161.6135,420.7969,417.876,714.96544,451.4064
45.55,71.1444,68.1232,87.2017,70.2401,67.173,122.2577,65.3961,66.6699,79.5571,111.3167,277.1781,366.7828,715.1664,451.20544
45.6,174.9159,89.4548,101.8208,69.3844,67.0463,113.4455,72.7591,65.8901,78.4241,62.7625,183.3305,316.1128,715.36736,451.00448
45.65,152.7562,106.2624,110.3101,64.5822,66.6339,105.3017,68.7771,66.222,76.8163,68.0633,127.168,274.7712,715.56204,450.80352
45.7,142.9135,120.5804,115.744,69.0121,67.5201,99.2534,75.165,68.8104,76.5411,67.5463,94.2605,240.2337,715.763,450.60256
45.75,133.5799,135.062,118.7166,61.8582,67.0154,93.0209,65.8759,69.5947,74.7636,64.7136,74.8805,210.9803,715.96396,450.4016
45.8,110.0812,142.8493,117.2774,66.7256,66.3125,88.6383,68.7646,70.2684,73.7637,65.7118,65.7595,186.7689,716.16492,450.20064
45.85,69.5196,121.7701,109.3178,159.8754,84.4107,100.5112,66.7535,69.0672,72.5954,66.009,66.4088,166.6423,716.36588,449.99968
45.9,68.901,104.999,102.5816,150.6381,101.6219,108.8657,68.2004,68.9519,71.8629,64.9371,65.7835,149.6914,716.56684,449.79872
45.95,64.5319,89.3227,96.24,137.6226,115.344,113.6585,114.8958,76.898,79.035,67.555,65.7853,136.002,716.7678,449.59776
46.0,63.7588,75.3585,90.8265,117.3629,126.4449,114.2759,148.4184,93.4065,90.5989,60.8462,65.0118,123.476,716.96876,449.3968
46.05,66.9271,66.7277,86.8433,106.1256,134.3249,112.9175,182.6813,116.1899,105.946,67.4004,65.3495,114.1301,717.16972,449.19584
46.1,75.7344,67.9707,84.9918,62.6856,114.887,104.5455,226.3631,148.1118,126.0155,66.747,65.4972,106.2329,717.37068,448.99488
46.15,65.8388,67.3582,81.7996,67.8604,98.3314,98.4313,183.9285,171.2574,135.6677,71.735,66.8567,100.4833,717.57164,448.79392
46.2,62.6422,66.9803,78.6067,61.4038,83.0876,92.2601,60.9564,160.4695,123.2158,67.9145,66.9286,95.0551,717.7726,448.59296
46.25,65.4336,67.3152,76.4112,67.6655,73.1482,88.1609,69.9856,144.783,114.3441,64.2236,67.6041,89.9166,717.97356,448.39828
46.3,70.447,68.0192,75.4171,64.4806,64.8192,84.2142,64.0511,121.0569,105.9619,67.8258,67.6892,86.2348,718.17452,448.19732
46.35,72.3591,67.3442,74.9075,61.8817,64.6584,80.4921,68.9666,89.5776,99.796,121.6309,78.666,92.1341,718.37548,447.99636
46.4,66.5795,67.4923,73.5195,69.5435,64.995,78.6674,907.9959,234.3911,234.496,163.3519,96.9894,104.0038,718.57644,447.7954
46.45,72.3165,69.4272,73.3132,73.2693,67.3681,77.7619,72.8262,236.7651,207.551,148.0574,113.0179,111.346,718.85904,448.19104
46.5,67.4661,69.8337,72.3329,65.5809,66.9512,75.7259,70.7186,236.9117,184.7456,142.3196,128.6371,116.5083,719.13536,448.59296
46.55,64.2266,68.5896,70.976,63.5476,66.7646,73.6904,71.8324,238.4679,165.9268,142.63,143.598,120.8619,719.41796,448.99488
46.6,119.5938,78.0365,79.0731,62.5435,66.897,71.8267,71.998,239.0742,150.272,137.671,146.806,123.6634,719.70056,449.3968
46.65,136.1263,91.9458,88.5762,70.4762,67.0835,71.5958,69.7786,71.4307,136.8564,138.4277,141.8211,126.1241,719.98316,449.79244
46.7,209.3344,119.3494,108.7025,63.774,65.1844,70.2921,63.1385,69.4932,124.5701,121.0942,136.4285,125.2858,720.18412,449.59776
46.75,344.8137,174.819,148.0544,66.1623,65.3007,69.6039,70.5356,69.4566,115.5643,67.6129,121.4872,115.6737,720.3788,449.3968
46.8,512.7899,264.5316,208.8437,66.1511,65.8214,69.0284,130.8689,81.2639,118.1151,63.1168,105.5845,106.9142,720.57976,449.19584
46.85,911.0518,422.8232,325.8784,110.4173,75.3962,75.9266,168.7531,100.6149,126.5548,64.9875,91.0478,99.9264,720.78072,448.99488
46.9,1229.9825,641.5945,476.5624,186.1579,98.5325,94.2985,132.8579,113.2308,127.6053,66.4299,76.6483,94.3437,720.98168,448.79392
46.95,1338.5811,867.4438,620.2322,283.2276,142.4232,125.7867,105.9861,121.8003,124.0021,63.6912,65.1677,89.2349,721.18264,448.59296
47.0,1156.3467,1029.7504,709.5846,405.9999,210.3908,172.4889,69.3917,121.5716,114.9004,67.0617,65.0574,85.5394,721.3836,448.392
47.05,608.9832,1048.9891,692.8177,574.1308,311.9867,239.4292,63.9726,108.1923,106.4124,64.6689,65.3678,82.061,721.58456,448.19104
47.1,64.7901,879.7367,588.1464,601.3297,410.1692,299.7459,63.6808,87.1778,99.2905,68.7979,66.1299,79.8504,721.78552,447.99008
47.15,68.4652,647.4333,501.5329,570.7525,487.0881,344.9137,70.1312,74.6325,94.4306,67.6048,66.3649,77.8095,721.98648,447.78912
47.2,68.3485,393.3867,429.3355,729.1367,576.2699,408.9509,70.3331,67.5019,90.4143,66.2091,66.8685,75.8761,722.18744,447.58188
47.25,67.7748,175.6724,369.0754,741.7719,643.4243,464.421,66.8948,67.0025,86.4944,69.7798,67.4121,74.8601,722.3884,447.3872
47.3,116.2471,77.1251,326.9373,577.146,644.0274,483.2085,65.0112,67.2102,82.9139,72.8485,69.048,74.5248,722.58936,447.18624
47.35,186.1828,101.4037,303.4782,469.3487,617.6312,480.8986,69.0508,68.2842,80.6034,75.7592,70.4403,74.7305,722.79032,446.98528
47.4,138.9581,115.5022,276.0582,66.1777,516.7162,411.7784,66.3262,67.5232,78.2238,137.4786,84.415,85.1885,722.99128,446.78432
47.45,107.0223,123.237,247.8856,74.967,385.8823,355.6432,65.9321,66.643,76.1752,198.0152,110.7762,103.993,723.19224,446.58336
47.5,71.0156,123.8852,218.4072,69.5302,251.4339,307.9577,63.4463,65.9533,74.0537,296.5326,156.1268,136.0829,723.3932,446.3824
47.55,68.0284,114.2414,193.3441,194.8603,174.9768,289.1081,72.5941,67.4699,73.8105,371.7766,215.9124,175.3652,723.59416,446.18144
47.6,63.3371,89.6723,171.6763,170.499,115.2069,269.3399,65.4784,66.7554,72.4218,438.6077,288.4821,219.2389,723.79512,445.98048
47.65,67.7397,75.4286,154.3535,149.3254,131.8364,249.3375,69.7545,67.4411,71.9772,576.1073,376.2079,278.717,723.99608,445.77952
47.7,69.587,67.9416,140.2257,117.4853,140.34,227.3622,155.1674,85.2881,85.8423,570.8887,450.7826,327.4123,724.19704,445.57856
47.75,71.245,67.9874,128.729,65.1624,139.4665,200.3289,155.4113,103.6811,97.4371,549.4872,501.3735,364.4248,724.398,445.3776
47.8,63.8765,67.1571,117.9203,68.1668,114.1278,178.3019,149.1641,118.9951,106.0583,488.3153,524.6812,385.0732,724.59268,445.17664
47.85,59.6249,66.4146,108.2043,71.2962,94.2872,160.4676,140.7762,134.0547,111.8446,63.5954,449.6788,331.4936,724.79992,444.97568
47.9,70.0741,66.8815,101.8493,65.2099,77.4641,144.5913,127.8091,145.6656,114.5053,67.256,347.9085,287.454,725.00088,444.77472
47.95,67.5724,66.4786,96.1365,68.4853,67.6641,131.907,121.7664,138.9854,115.7155,74.2495,248.5807,251.9199,725.20184,444.57376
48.0,68.8305,65.9957,91.5855,66.2015,67.8719,120.956,64.9626,120.8957,107.2567,65.7196,151.8272,220.8865,725.4028,444.3728
48.05,68.2598,66.8723,87.6979,62.8646,66.8115,111.2741,65.3319,104.1292,100.2692,191.5865,92.4814,216.0032,725.60376,444.17184
48.1,73.809,69.7092,85.383,70.8546,66.7232,104.5375,69.7163,89.9172,95.1771,142.1173,108.1858,203.6889,725.80472,443.97716
48.15,151.2937,85.9531,96.3681,66.8969,67.0606,98.2641,70.0455,78.3645,90.9885,114.3092,117.5964,188.7923,726.00568,443.7762
48.2,159.6448,104.3676,106.9143,71.4582,67.6552,93.7965,60.6005,66.1314,85.9238,76.2232,117.9912,170.0307,726.20036,443.57524
48.25,166.6823,123.9379,116.8756,69.2493,68.2647,89.7053,66.9322,66.5253,82.7585,72.49,119.3452,153.774,726.40132,443.37428
48.3,153.7831,141.0426,123.0269,67.3302,69.1579,85.9761,63.3171,66.1223,79.5183,65.8845,94.2048,139.1257,726.60228,443.17332
48.35,147.6634,155.8135,127.133,67.9901,68.585,82.9784,63.2803,64.8351,76.812,66.0596,78.9933,126.948,726.80324,442.97236
48.4,141.2271,153.8002,129.482,157.308,86.6672,95.3667,68.4386,64.5137,75.4164,68.3211,69.7957,117.1769,727.0042,442.7714
48.45,63.9515,134.6615,118.5602,154.714,103.3183,105.2579,67.2126,65.8362,74.0491,63.5855,67.2682,108.245,727.20516,442.57044
48.5,67.8439,114.8938,110.1075,156.9004,120.8486,113.865,63.8785,65.2254,72.354,73.1742,67.405,102.3999,727.40612,442.36948
48.55,64.3139,97.0,102.4753,147.2997,136.8424,119.4374,65.6314,65.6883,71.2336,66.7117,67.5704,96.4518,727.60708,442.16852
48.6,63.7625,80.2198,96.0231,143.7299,151.9904,123.4862,117.2182,76.4759,78.8977,68.4472,68.0479,91.7844,727.80804,441.96756
48.65,65.179,65.0102,90.8824,130.4595,146.6207,124.6484,142.7947,91.3471,89.5472,72.2241,68.8285,88.5243,728.009,441.7666
48.7,68.5206,65.924,87.1555,64.8718,128.6523,114.6856,222.6929,122.4431,111.7381,71.9557,70.5026,85.7629,728.20996,441.56564
48.75,70.5754,66.4703,84.3921,63.7233,110.0168,106.1919,326.3086,174.9292,147.4999,67.8982,69.4474,82.7854,728.41092,441.36468
48.8,67.8082,67.1692,81.6281,63.9901,93.3549,99.1583,430.6927,247.9414,194.6987,67.0633,69.5177,80.1651,728.61188,441.16372
48.85,66.7944,67.7755,79.1559,68.0852,78.226,93.9794,548.3482,334.1674,253.6403,73.4999,70.5282,79.0542,728.81284,440.96276
48.9,66.2949,67.9987,77.0124,65.5967,65.2534,89.249,600.9161,425.7917,311.5196,152.5337,86.5902,91.3008,729.0138,440.7618
48.95,65.5941,67.4134,75.1093,62.9132,64.8617,84.8597,629.8962,507.2323,364.5823,163.1312,104.8252,103.2725,729.21476,440.56084
49.0,66.3198,66.5623,73.6444,68.7679,65.8706,82.1777,560.8441,554.1394,397.2926,153.1043,121.8665,111.5778,729.41572,440.35988
49.05,68.2871,66.6581,72.7515,63.6109,65.7948,79.0832,545.5106,577.103,421.9956,157.0653,139.8669,119.1591,729.61668,440.15892
49.1,62.0403,65.7072,70.9605,69.0525,65.9882,77.4056,844.338,636.301,492.386,149.6003,155.087,124.2326,729.89928,440.56084
49.15,66.3828,65.7248,70.1917,63.17,65.5029,75.0272,1016.2375,719.3653,579.6946,157.1782,156.0158,129.7235,730.1756,440.96276
49.2,66.9454,65.9951,69.6448,65.7735,66.075,73.4791,1178.5072,829.0875,679.4967,169.104,157.2104,136.2869,730.4582,441.36468
49.25,62.8281,65.2967,68.5029,64.3905,65.1995,71.9585,1132.3412,943.3869,754.9708,166.499,159.8893,141.3223,730.7408,441.76032
49.3,69.8873,65.6168,68.7278,61.2212,64.7215,70.1632,1060.5348,1046.3917,805.8981,171.8769,162.8517,146.4147,731.01712,442.16224
49.35,63.7249,65.9537,67.8882,66.1665,64.1443,69.4912,972.899,1072.1039,833.7316,63.6569,145.663,132.6217,731.29972,442.56416
49.4,65.1049,65.6981,67.4184,77.5991,67.0301,70.8367,1059.0526,1080.667,871.2851,67.9255,127.8125,121.839,731.58232,442.96608
49.45,69.6302,66.2351,67.7813,63.6948,66.6144,69.6406,1106.8617,1066.3379,910.5479,65.0787,107.0074,112.379,731.86492,443.36172
49.5,66.1059,66.8906,67.4962,66.2669,66.9897,69.0725,1129.628,1065.7952,947.0612,67.3402,87.1757,104.8725,732.14124,443.76364
49.55,66.5592,66.225,67.3342,67.3344,68.2123,68.777,1082.9503,1070.2783,969.7094,64.7365,65.7476,98.1832,732.42384,444.16556
49.6,65.9241,66.6649,67.0934,73.2619,69.6314,69.5186,988.7895,1073.4564,972.8894,67.3245,66.4811,93.0401,732.70644,444.56748
49.65,69.0238,67.4486,67.4093,69.4562,68.0028,69.5024,649.7718,991.6003,919.0365,67.6267,66.4213,88.8045,732.98904,444.96312
49.7,69.8273,67.488,67.8065,67.7984,68.8235,69.2126,576.3978,885.5075,861.93,66.0612,66.6178,85.014,733.26536,445.36504
49.75,66.27,67.5209,67.5446,69.3057,69.4313,69.2223,549.0174,769.3854,809.7779,73.2275,67.7953,83.0495,733.54796,445.76696
49.8,69.9941,68.2079,67.947,67.6148,69.4874,68.9485,451.0131,642.9979,749.9838,68.7344,68.5949,80.6637,733.83056,446.16888
49.85,71.5162,69.3263,68.5361,67.1869,68.2724,68.6491,362.2031,517.6806,685.3537,62.5677,67.6435,77.6477,734.10688,446.5708
49.9,69.2527,69.3721,68.6497,71.5897,68.6991,69.1334,309.6369,449.6537,622.7342,73.5133,68.8208,76.9586,734.38948,446.96644
49.95,65.0569,68.418,68.0451,67.4402,68.6274,68.8454,259.1782,386.2098,562.1416,65.5808,68.7247,75.0623,734.67208,447.36836
50.0,67.078,68.5796,67.878,71.9911,69.1645,69.3638,213.3299,319.0723,504.0063,70.6006,68.1994,74.3187,734.95468,447.77028
50.05,66.0979,67.8003,67.5755,68.3856,69.3187,69.195,188.6596,266.6016,451.4485,73.7056,69.1936,74.2165,735.231,448.1722
50.1,64.523,66.4017,67.0609,69.2697,69.7352,69.2016,148.8094,223.9228,401.0086,72.0135,71.0828,73.8494,735.5136,448.57412
50.15,72.8768,67.1265,68.0244,64.3848,68.2943,68.393,126.4911,187.2936,355.2557,67.4396,69.868,72.7811,735.7962,448.96976
